p_target,exceed,n,rate,LR_uc,p_uc,LR_ind,p_ind,LR_cc,p_cc,DQ,p_DQ,pinball,series,model,tau,FZ0,ES_ratio,note,evaluated_at_effective_level,order_statistic_k
0.01,52,1448,0.0359116022099447,58.91213956348112,1.6542323066914832e-14,3.986239516101591,0.045873337148674,62.89837907958271,2.19824158875781e-14,214.08301902279464,0.0,0.2455854305225639,BTC-USD,QR-base,0.01,,,,,
0.025,27,1448,0.018646408839779,2.6258203790622314,0.1051381518749746,0.3976285174085774,0.528316537510527,3.023448896470809,0.2205293584113782,21.07444347086701,0.0017789583049409,0.4465596908368405,BTC-USD,CQR-1s,0.025,,,requested level; exchangeable split-conformal bound is listed in conformal_effective_levels.csv,,
0.025,97,1448,0.066988950276243,72.27326701913232,0.0,0.0428187452256452,0.836066941797653,72.31608576435796,2.220446049250313e-16,193.99233755157047,0.0,0.4052235700158937,BTC-USD,QR-base,0.025,,,,,
0.05,69,1448,0.0476519337016574,0.1706250090273462,0.6795569387544216,0.8572200824755782,0.3545178027885588,1.0278450915029245,0.5981447211185156,36.33619885467322,2.3713911861955594e-06,0.5735263312981417,BTC-USD,CQR-1s,0.05,,,requested level; exchangeable split-conformal bound is listed in conformal_effective_levels.csv,,
0.05,164,1448,0.1132596685082873,91.23217034239946,0.0,0.3860262703184389,0.5343955937163132,91.6181966127179,0.0,252.1888413589711,0.0,0.6094322727185608,BTC-USD,QR-base,0.05,,,,,
0.01,19,1448,0.0131215469613259,1.2977494181043951,0.2546247278265576,1.3370018909185148,0.2475633835728097,2.63475130902291,0.2678372780013297,10.647461382882469,0.0999025336916181,0.1820497636296959,BTC-USD,GARCH-t,0.01,2.873218502855505,0.9238579144134226,,,
0.025,38,1448,0.0262430939226519,0.0903510265693587,0.7637313714970508,0.8322476309099329,0.3616234072981981,0.9225986574792916,0.6304639331766686,4.76196519201539,0.5746851580461889,0.3385039396399821,BTC-USD,GARCH-t,0.025,2.5689440377618467,0.9987797096959228,,,
0.05,78,1448,0.0538674033149171,0.4452225819989959,0.5046124489016053,1.7660281287594444,0.1838743942030918,2.2112507107584403,0.331003822484829,7.872747966366202,0.2475751814880121,0.5198558272108681,BTC-USD,GARCH-t,0.05,2.2974986903505354,1.007716397768688,,,
0.01,15,1448,0.0103591160220994,0.0186430737486169,0.8913946884509993,2.13174997901001,0.1442759585473333,2.150393052758627,0.3412306878793512,15.195248165553089,0.0187912890206889,0.1871357840233086,BTC-USD,FHS,0.01,2.903163744834119,1.0169261276437036,,,
0.025,35,1448,0.024171270718232,0.0412456716763371,0.8390644499125153,3.564952086418714,0.0590114436154097,3.606197758095051,0.1647874398279415,12.146783998134696,0.0587732088902699,0.3411364297391795,BTC-USD,FHS,0.025,2.5728584847084406,0.992847437351356,,,
0.05,69,1448,0.0476519337016574,0.1706250090273462,0.6795569387544216,0.8572200824755782,0.3545178027885588,1.0278450915029245,0.5981447211185156,5.496095034190895,0.4819287985911561,0.525691171220737,BTC-USD,FHS,0.05,2.3032101409099184,0.97993194170052,,,
0.01,12,1448,0.0082872928176795,0.4556062539088064,0.4996845873245567,0.2006992032730181,0.6541570602575173,0.6563054571818245,0.7202530080775307,9.74175031252395,0.1359572592109341,0.1861136098017788,BTC-USD,GARCH-EVT,0.01,2.8880536001930217,1.1209454210857437,,,
0.025,34,1448,0.0234806629834254,0.1399220616151435,0.7083585058758617,1.357500587836796,0.2439711216115299,1.4974226494519396,0.4729756722321281,6.5304797211242205,0.3664550573902925,0.3411350116016107,BTC-USD,GARCH-EVT,0.025,2.571358155040787,0.9771281291753834,,,
0.05,68,1448,0.0469613259668508,0.2870500637475448,0.5921171500059312,0.9717638127785904,0.3242406827156967,1.2588138765261352,0.5329077545061831,4.748576482843761,0.5764405537501189,0.5269928120947394,BTC-USD,GARCH-EVT,0.05,2.3059464381070742,0.9789449486115576,,,
0.01,29,1448,0.0200276243093922,11.390162608326891,0.0007383406715677,2.251150148571867,0.1335151341187662,13.64131275689876,0.0010910045753164,40.164846972736086,4.227672905088298e-07,0.1987274211234749,BTC-USD,RiskMetrics,0.01,3.235208668398591,1.3576279317776132,,,
0.025,43,1448,0.029696132596685,1.2369309563106992,0.2660633542116918,1.8227394933472847,0.1769875331129308,3.0596704496579843,0.2165713499573442,8.331038447191704,0.214839777417091,0.3426467326958387,BTC-USD,RiskMetrics,0.025,2.6682993533973205,1.3346273916527658,,,
0.05,56,1448,0.0386740331491712,4.227033374600463,0.0397849219197501,3.003803577392887,0.0830692853288814,7.23083695199335,0.0269056634866666,10.166709486429944,0.1178048097793593,0.5268027843775919,BTC-USD,RiskMetrics,0.05,2.337770863817417,1.3799819700577418,,,
0.01,20,1448,0.0138121546961325,1.8998384497041696,0.1680964027659397,0.5606350336230435,0.454004490996286,2.4604734833272133,0.2922233880401178,11.292692758960753,0.0797408221629016,0.1866779844956728,BTC-USD,Hist,0.01,2.9362808588416742,1.1336893075289305,,,
0.025,38,1448,0.0262430939226519,0.0903510265693587,0.7637313714970508,2.8235690784142093,0.0928896457289552,2.913920104983568,0.2329433349829566,18.901362384026218,0.0043335006232768,0.3557143814103646,BTC-USD,Hist,0.025,2.632968532793324,1.068618094542458,,,
0.05,69,1448,0.0476519337016574,0.1706250090273462,0.6795569387544216,0.8572200824755782,0.3545178027885588,1.0278450915029245,0.5981447211185156,12.516288923345178,0.0513937435143582,0.5421389229707918,BTC-USD,Hist,0.05,2.3604974778267294,1.0386373365853387,,,
0.01,63,1448,0.0435082872928176,89.88725160478101,0.0,0.5580264061360367,0.4550565282263094,90.44527801091704,0.0,185.88339253126023,0.0,0.2514934680826129,BTC-USD,Fixed-coefficient-control,0.01,4.602147131766269,1.4791060476450826,,,
0.025,90,1448,0.0621546961325966,58.411826484881246,2.1316282072803012e-14,2.0300623597555614,0.1542142796046713,60.44188884463681,7.505107646466058e-14,104.52585984138022,0.0,0.3780673768346038,BTC-USD,Fixed-coefficient-control,0.025,3.2542694954778155,1.459791134372421,,,
0.05,120,1448,0.0828729281767955,27.73494713997013,1.391265436190281e-07,3.8059311460828,0.0510713719713454,31.54087828605293,1.415745868316165e-07,60.44449936343691,3.655842295557932e-11,0.5373963134850237,BTC-USD,Fixed-coefficient-control,0.05,2.6164664288478403,1.459026376595203,,,
0.025,27,1448,0.018646408839779,2.6258203790622314,0.1051381518749746,0.3976285174085774,0.528316537510527,3.023448896470809,0.2205293584113782,17.988843932020778,0.0062601352229836,0.3694210042899299,BTC-USD,TCP,0.025,,,,,
0.025,27,1448,0.018646408839779,2.6258203790622314,0.1051381518749746,0.3976285174085774,0.528316537510527,3.023448896470809,0.2205293584113782,17.989618585956634,0.0062581912016539,0.3694125529249309,BTC-USD,TCP-RM,0.025,,,,,
0.025,31,1448,0.0214088397790055,0.8046706933727723,0.3697005675986389,0.1543582086362107,0.694404810567159,0.959028902008983,0.6190839144137905,14.558132761602687,0.0239863788931247,0.3708006398138859,BTC-USD,ACI-fixed,0.025,,,,,
0.025,79,1448,0.0545580110497237,39.01225508991368,4.2115344545123884e-10,0.6664456895083504,0.4142935528107514,39.67870077942203,2.420357914090232e-09,115.57971544097362,0.0,0.3941918996319502,BTC-USD,Reversed-sign-control,0.025,,,,,
0.025,27,1448,0.018646408839779,2.6258203790622314,0.1051381518749746,0.3976285174085774,0.528316537510527,3.023448896470809,0.2205293584113782,18.03209997879405,0.0061524744111067,0.369570377547537,BTC-USD,CQR,0.025,,,,,
0.0163934426229508,27,1448,0.018646408839779,0.4365843762569108,0.5087756553843263,0.3976285174085774,0.528316537510527,0.8342128936654882,0.6589507729880074,28.77643918800803,6.705830219877473e-05,0.3204197687781451,BTC-USD,CQR-1s-at-effective-level,0.025,,,,0.0163934426229508,60.0
0.0491803278688525,69,1448,0.0476519337016574,0.0730570603978186,0.7869366225130225,0.8572200824755782,0.3545178027885588,0.9302771428733968,0.6280480696361341,36.81851900612836,1.910290539974824e-06,0.5670945842883974,BTC-USD,CQR-1s-at-effective-level,0.05,,,,0.0491803278688525,58.0
0.01,75,1448,0.0517955801104972,128.25971217058742,0.0,7.78284238444553,0.0052744745441767,136.04255455503295,0.0,522.5109937031294,0.0,0.0934673977559623,DAX,QR-base,0.01,,,,,
0.025,25,1448,0.0172651933701657,3.979452385479487,0.0460585349651412,0.8790888896625972,0.3484513466313161,4.858541275142084,0.0881010667625739,11.411778807405744,0.0764536688882254,0.1037455796802015,DAX,CQR-1s,0.025,,,requested level; exchangeable split-conformal bound is listed in conformal_effective_levels.csv,,
0.025,128,1448,0.0883977900552486,145.82351477677832,0.0,4.149881027612196,0.0416374492902343,149.97339580439052,0.0,391.7999989262907,0.0,0.1371869373807627,DAX,QR-base,0.025,,,,,
0.05,81,1448,0.055939226519337,1.0372205808864905,0.3084687734416099,1.3135294996565108,0.2517566132006517,2.3507500805430013,0.3087031818498165,36.38075134417396,2.324528430963646e-06,0.1634136017387294,DAX,CQR-1s,0.05,,,requested level; exchangeable split-conformal bound is listed in conformal_effective_levels.csv,,
0.05,195,1448,0.1346685082872928,152.4759659800305,0.0,1.088935866017664,0.2967071068491562,153.56490184604817,0.0,372.60363272901736,0.0,0.197211993153455,DAX,QR-base,0.05,,,,,
0.01,22,1448,0.0151933701657458,3.403576713327679,0.0650552135483358,0.90092285587383,0.3425343800635679,4.304499569201509,0.1162223880822294,22.56875490132079,0.000954557011107,0.0475082586783973,DAX,GARCH-t,0.01,1.464473744712314,1.0063030246016302,,,
0.025,48,1448,0.0331491712707182,3.5845234368507306,0.0583201422222887,2.812198288140962,0.0935501030184962,6.396721724991693,0.04082907362496,12.027800595093128,0.0613514732321209,0.0922771228107407,DAX,GARCH-t,0.025,1.220706371082441,1.015491769896247,,,
0.05,99,1448,0.0683701657458563,9.274595545839595,0.0023235398944291,1.5752538080211025,0.2094456708899861,10.849849353860698,0.0044053979774102,14.4571892183895,0.0249258365964832,0.1509374210195064,DAX,GARCH-t,0.05,1.0237697517260982,1.002094121440586,,,
0.01,19,1448,0.0131215469613259,1.2977494181043951,0.2546247278265576,1.3370018909185148,0.2475633835728097,2.63475130902291,0.2678372780013297,9.323708625013152,0.1561746380748269,0.0477784480689845,DAX,FHS,0.01,1.452564226714859,1.005983689634145,,,
0.025,35,1448,0.024171270718232,0.0412456716763371,0.8390644499125153,1.211716888335502,0.2709923629310499,1.2529625600118393,0.5344691434098995,5.911282670436199,0.4332013764596042,0.0915230912234551,DAX,FHS,0.025,1.197614164262876,1.0515939934267733,,,
0.05,72,1448,0.0497237569060773,0.0023303275209887,0.961498300946364,0.5593799191647122,0.4545101904774811,0.5617102466857009,0.7551377293856258,6.147685146357227,0.4068514433459953,0.149103792012192,DAX,FHS,0.05,0.999359749683132,1.007691944972167,,,
0.01,14,1448,0.0096685082872928,0.0162510997340095,0.8985606589868602,2.3798323806489634,0.122910734388781,2.396083480382973,0.3017846063160934,12.440626798414304,0.0528306493690307,0.046652207796147,DAX,GARCH-EVT,0.01,1.4246620748585073,1.0887668384163938,,,
0.025,31,1448,0.0214088397790055,0.8046706933727723,0.3697005675986389,1.8586530966107944,0.172780332733491,2.6633237899835667,0.264038092890797,6.5042820451382655,0.3691284182791692,0.0915809883099018,DAX,GARCH-EVT,0.025,1.194138422545176,1.0602843409895213,,,
0.05,74,1448,0.0511049723756906,0.0369632123062966,0.8475399655506343,0.3977876036160523,0.5282340479114687,0.434750815922349,0.8046278488990873,4.905989034730154,0.5559261675917391,0.1489455125467547,DAX,GARCH-EVT,0.05,0.9981134457864864,0.9969789386264504,,,
0.01,35,1448,0.024171270718232,21.035720661258644,4.507999450176214e-06,1.211716888335502,0.2709923629310499,22.247437549594142,1.4758095551403729e-05,51.32740996714984,2.545751276450403e-09,0.052825532280693,DAX,RiskMetrics,0.01,1.77219895989739,1.266180798720517,,,
0.025,58,1448,0.0400552486187845,11.418897473061342,0.0007270082487458,4.533446347880727,0.0332386159372819,15.952343820942067,0.000343552056502,43.98185641544744,7.45358290643594e-08,0.0961201429304238,DAX,RiskMetrics,0.025,1.3454878190732755,1.2231663493163352,,,
0.05,87,1448,0.0600828729281767,2.919625533859076,0.0875081695425381,4.007214682526296,0.0453059384554507,6.926840216385372,0.0313224524415771,19.00456627300595,0.0041559282589286,0.1527058062366132,DAX,RiskMetrics,0.05,1.070682334880144,1.2141632536358875,,,
0.01,27,1448,0.018646408839779,8.715364104565456,0.0031553939242419,21.213825475226827,4.107905896222341e-06,29.929189579792283,3.1692686808249e-07,195.59232859782412,0.0,0.0594743534379933,DAX,Hist,0.01,1.8513065031972928,1.0817981711365887,,,
0.025,51,1448,0.0352209944751381,5.517878878923696,0.0188230687761605,13.14612412025184,0.0002881146095898,18.664002999175537,8.854483716724815e-05,82.1688105040619,1.2212453270876722e-15,0.1072872399747399,DAX,Hist,0.025,1.4695457064234398,1.0518688224637351,,,
0.05,81,1448,0.055939226519337,1.0372205808864905,0.3084687734416099,18.05045838038177,2.151268428862707e-05,19.08767896126826,7.16412537208333e-05,50.26778305691723,4.154350974339138e-09,0.1683243909286122,DAX,Hist,0.05,1.1955775100609778,1.0919958116907764,,,
0.01,95,1448,0.0656077348066298,200.9805201409311,0.0,2.250518355129429,0.1335696535076254,203.2310384960605,0.0,526.457199671099,0.0,0.0747013168698452,DAX,Fixed-coefficient-control,0.01,3.494419190381432,1.3156543093312858,,,
0.025,126,1448,0.0870165745856353,140.53713801666447,0.0,6.011016122032174,0.0142168384257692,146.54815413869665,0.0,292.11296566242214,0.0,0.1164142465836207,DAX,Fixed-coefficient-control,0.025,2.1994583791339744,1.3617054091591738,,,
0.05,163,1448,0.1125690607734806,89.4659191033276,0.0,5.747620260989379,0.0165110085116473,95.21353936431696,0.0,162.0142202357515,0.0,0.1670859120790189,DAX,Fixed-coefficient-control,0.05,1.5444534988409546,1.3740166499044426,,,
0.025,43,1448,0.029696132596685,1.2369309563106992,0.2660633542116918,6.893466978533979,0.0086511319847059,8.130397934844678,0.0171595747375692,41.05864089971141,2.819655278152311e-07,0.1021630982472038,DAX,TCP,0.025,,,,,
0.025,43,1448,0.029696132596685,1.2369309563106992,0.2660633542116918,6.893466978533979,0.0086511319847059,8.130397934844678,0.0171595747375692,41.03836749090752,2.845706826848371e-07,0.1021516211104758,DAX,TCP-RM,0.025,,,,,
0.025,47,1448,0.0324585635359116,3.0251468050929944,0.0819829011202923,1.204732245810419,0.2723779021613289,4.229879050903413,0.1206405850174459,18.50044167035417,0.0050960131020433,0.0980111740731828,DAX,ACI-fixed,0.025,,,,,
0.025,103,1448,0.0711325966850828,85.0197309265568,0.0,7.44917684227903,0.0063465467228148,92.46890776883583,0.0,300.1467984769409,0.0,0.1306240091798913,DAX,Reversed-sign-control,0.025,,,,,
0.025,43,1448,0.029696132596685,1.2369309563106992,0.2660633542116918,6.893466978533979,0.0086511319847059,8.130397934844678,0.0171595747375692,40.846619760272674,3.10425645411172e-07,0.1020058902645217,DAX,CQR,0.025,,,,,
0.0163934426229508,25,1448,0.0172651933701657,0.0670847183042879,0.7956297021177067,0.8790888896625972,0.3484513466313161,0.9461736079668852,0.6230759833528299,12.034811757832552,0.0611966875559424,0.0736168561808281,DAX,CQR-1s-at-effective-level,0.025,,,,0.0163934426229508,60.0
0.0491803278688525,81,1448,0.055939226519337,1.3570544573421053,0.244048622839137,1.3135294996565108,0.2517566132006517,2.670583956998616,0.263081350143094,37.28446464485245,1.5497343346382308e-06,0.1615885725450638,DAX,CQR-1s-at-effective-level,0.05,,,,0.0491803278688525,58.0
0.01,54,1448,0.037292817679558,64.2109508260495,1.1102230246251563e-15,1.671462748558099,0.1960627258662276,65.8824135746076,4.996003610813205e-15,219.2348739230975,0.0,0.3316627287767104,ETH-USD,QR-base,0.01,,,,,
0.025,28,1448,0.0193370165745856,2.063677115609148,0.1508457794210169,0.3248267498690325,0.5687212818743612,2.38850386547818,0.3029304818184049,12.489451842536848,0.0518991866252213,0.5699183529507061,ETH-USD,CQR-1s,0.025,,,requested level; exchangeable split-conformal bound is listed in conformal_effective_levels.csv,,
0.025,105,1448,0.0725138121546961,89.43785775358907,0.0,0.0218197798021719,0.88256753673169,89.45967753339124,0.0,247.78257522753745,0.0,0.5368917473941361,ETH-USD,QR-base,0.025,,,,,
0.05,67,1448,0.0462707182320442,0.4343372188675936,0.5098683791875858,0.0037450339285669,0.9512025718973548,0.4380822527961605,0.8032886811042113,35.18198979847721,3.9733606407299504e-06,0.7574710470573766,ETH-USD,CQR-1s,0.05,,,requested level; exchangeable split-conformal bound is listed in conformal_effective_levels.csv,,
0.05,190,1448,0.1312154696132596,141.78378094707278,0.0,0.0001426253672889,0.9904714212867038,141.78392357244007,0.0,375.3529996338876,0.0,0.8096955563614213,ETH-USD,QR-base,0.05,,,,,
0.01,16,1448,0.011049723756906,0.1558629960561939,0.6929942749535445,1.90560921955543,0.1674518104209007,2.061472215611624,0.3567442616579648,10.407525215369574,0.1085063449212475,0.2348052465007859,ETH-USD,GARCH-t,0.01,3.097115669341104,0.8511165982254048,,,
0.025,32,1448,0.0220994475138121,0.5197964897267164,0.4709285065846336,0.1124345712122476,0.7373892545215381,0.6322310609389641,0.7289752264523619,1.989068889926649,0.9207011832460004,0.4372449251777494,ETH-USD,GARCH-t,0.025,2.8006304718864308,0.9687661053208798,,,
0.05,63,1448,0.0435082872928176,1.3410697774007474,0.2468453989116327,1.6650823305649285,0.1969185125424972,3.006152107965676,0.2224448542898915,9.331905101863764,0.1557543385769705,0.6623378656354745,ETH-USD,GARCH-t,0.05,2.52666192768382,0.9854135106863342,,,
0.01,16,1448,0.011049723756906,0.1558629960561939,0.6929942749535445,0.3577992092557451,0.5497310460604337,0.5136622053119391,0.7734988446340045,11.099789685010222,0.0853408419856799,0.2417522892692856,ETH-USD,FHS,0.01,3.158622540373856,1.0020654229049395,,,
0.025,35,1448,0.024171270718232,0.0412456716763371,0.8390644499125153,1.211716888335502,0.2709923629310499,1.2529625600118393,0.5344691434098995,5.484651895106682,0.4833136698575173,0.450167289394742,ETH-USD,FHS,0.025,2.83814654205803,1.027739724331334,,,
0.05,66,1448,0.0455801104972375,0.6129244546970902,0.4336888212903177,4.3630863604863634,0.0367257105769731,4.976010815183454,0.0830755031992396,14.696500940880629,0.0227532554204571,0.6772835993340264,ETH-USD,FHS,0.05,2.5508717708427926,1.0034840858049998,,,
0.01,18,1448,0.0124309392265193,0.8023717765164502,0.3703851920825057,1.510033233892159,0.2191340152457721,2.312405010408609,0.3146789062739084,12.489190192435132,0.0519041372154719,0.2399345068576304,ETH-USD,GARCH-EVT,0.01,3.14555037755635,0.971478003342353,,,
0.025,31,1448,0.0214088397790055,0.8046706933727723,0.3697005675986389,1.8586530966107944,0.172780332733491,2.6633237899835667,0.264038092890797,5.669790071118765,0.4611773169976824,0.4460057475504593,ETH-USD,GARCH-EVT,0.025,2.8279358030977155,1.0616501145793396,,,
0.05,61,1448,0.0421270718232044,1.991658136502899,0.1581676145485878,5.866480956014584,0.0154318701855029,7.858139092517483,0.0196619585875197,17.694203445556624,0.007043610238547,0.678668416623687,ETH-USD,GARCH-EVT,0.05,2.554456273318256,1.036714552248611,,,
0.01,28,1448,0.0193370165745856,10.016337249122952,0.0015515771997002,2.4667857985019737,0.1162754835382227,12.483123047624924,0.001946813153,31.12162321637501,2.402919676025572e-05,0.2600738856539397,ETH-USD,RiskMetrics,0.01,3.4694292397076745,1.449332754467863,,,
0.025,45,1448,0.0310773480662983,2.0392696703694817,0.1532832248510384,3.522184688458424,0.0605525808287733,5.5614543588279055,0.061993410650614,16.806713429089513,0.0100204761817035,0.4394603859259486,ETH-USD,RiskMetrics,0.025,2.9015464022532704,1.3445817039952326,,,
0.05,61,1448,0.0421270718232044,1.991658136502899,0.1581676145485878,3.729476429733495,0.0534601486922845,5.721134566236394,0.0572362818776601,13.272479537590833,0.0389073289066632,0.6722387370072077,ETH-USD,RiskMetrics,0.05,2.5752163152969256,1.3594584653731012,,,
0.01,20,1448,0.0138121546961325,1.8998384497041696,0.1680964027659397,1.1785562439158357,0.2776501116749426,3.0783946936200053,0.2145532441781356,20.235628894114928,0.0025141852383649,0.2618237608355083,ETH-USD,Hist,0.01,3.3224966937132963,1.1244876899351033,,,
0.025,39,1448,0.0269337016574585,0.2167539985727131,0.6415244174799324,2.6011560855903326,0.1067857935883755,2.817910084163046,0.2443985359514008,21.72088456363159,0.0013602477730011,0.4696735595581977,ETH-USD,Hist,0.025,2.9466216903243687,1.0675584449969848,,,
0.05,75,1448,0.0517955801104972,0.0971894399711388,0.755228846590973,3.820240166871145,0.0506369795164991,3.9174296068422834,0.141039568061625,17.95653039286766,0.0063417509554061,0.6936664044621049,ETH-USD,Hist,0.05,2.621754184794085,1.0046866962964385,,,
0.01,71,1448,0.0490331491712707,114.98574813879765,0.0,3.1189134101547324,0.0773883723341585,118.10466154895236,0.0,291.2374408300786,0.0,0.3277814492979755,ETH-USD,Fixed-coefficient-control,0.01,4.875183095700734,1.4559471295617097,,,
0.025,97,1448,0.066988950276243,72.27326701913232,0.0,0.372735071882289,0.5415171812002922,72.64600209101461,2.220446049250313e-16,127.47803451058113,0.0,0.4904055457704718,ETH-USD,Fixed-coefficient-control,0.025,3.5342892180288934,1.4395185053323851,,,
0.05,127,1448,0.0877071823204419,35.73954651245204,2.255389097705063e-09,0.8235737025969456,0.3641373668774897,36.56312021504898,1.1492627294273916e-08,55.68401779844228,3.3721891945504007e-10,0.6986366769160055,ETH-USD,Fixed-coefficient-control,0.05,2.8996655946322303,1.4421539728306123,,,
0.025,35,1448,0.024171270718232,0.0412456716763371,0.8390644499125153,0.0276589832440663,0.8679130745101618,0.0689046549204035,0.9661343966691318,11.620855732053448,0.0709816303875094,0.4849819494999862,ETH-USD,TCP,0.025,,,,,
0.025,35,1448,0.024171270718232,0.0412456716763371,0.8390644499125153,0.0276589832440663,0.8679130745101618,0.0689046549204035,0.9661343966691318,11.62003065781072,0.071002497927459,0.4849853971660148,ETH-USD,TCP-RM,0.025,,,,,
0.025,39,1448,0.0269337016574585,0.2167539985727131,0.6415244174799324,0.0026691307408555,0.9587967169868749,0.2194231293135686,0.8960925627908266,19.43497470356748,0.0034887463330159,0.4909213850101167,ETH-USD,ACI-fixed,0.025,,,,,
0.025,98,1448,0.0676795580110497,74.3436260003931,0.0,0.3047668450381025,0.5809093548393207,74.6483928454312,1.1102230246251563e-16,215.2720512094812,0.0,0.5450292268495843,ETH-USD,Reversed-sign-control,0.025,,,,,
0.025,35,1448,0.024171270718232,0.0412456716763371,0.8390644499125153,0.0276589832440663,0.8679130745101618,0.0689046549204035,0.9661343966691318,11.911690162000406,0.0639681346730189,0.4863617800744927,ETH-USD,CQR,0.025,,,,,
0.0163934426229508,28,1448,0.0193370165745856,0.7360069449888478,0.3909430061704034,0.3248267498690325,0.5687212818743612,1.0608336948578805,0.5883596623415017,16.866382936844825,0.0097870564794585,0.4086976294919805,ETH-USD,CQR-1s-at-effective-level,0.025,,,,0.0163934426229508,60.0
0.0491803278688525,67,1448,0.0462707182320442,0.2672022993905134,0.6052146978158262,0.0037450339285669,0.9512025718973548,0.2709473333190804,0.8733021595887812,35.575969781070945,3.332232713981753e-06,0.7492154972289957,ETH-USD,CQR-1s-at-effective-level,0.05,,,,0.0491803278688525,58.0
0.01,69,1448,0.0476519337016574,108.52497728802584,0.0,5.504890445933597,0.0189633681085632,114.02986773395943,0.0,342.2309421720925,0.0,0.0221950008651855,EURUSD=X,QR-base,0.01,,,,,
0.025,21,1448,0.0145027624309392,7.692524472587408,0.0055450012580456,0.6185356820899983,0.4315919566313853,8.311060154677406,0.0156774786505266,17.133542813264643,0.0088047838981942,0.0352302181406414,EURUSD=X,CQR-1s,0.025,,,requested level; exchangeable split-conformal bound is listed in conformal_effective_levels.csv,,
0.025,121,1448,0.0835635359116022,127.62769018733172,0.0,7.707617796154636,0.0054988270210076,135.33530798348636,0.0,349.4780878147532,0.0,0.0423281008388568,EURUSD=X,QR-base,0.025,,,,,
0.05,74,1448,0.0511049723756906,0.0369632123062966,0.8475399655506343,0.0134194555090516,0.9077774673257428,0.0503826678153482,0.975123320022929,27.01338086570747,0.0001439741041223,0.0541991109712622,EURUSD=X,CQR-1s,0.05,,,requested level; exchangeable split-conformal bound is listed in conformal_effective_levels.csv,,
0.05,183,1448,0.1263812154696132,127.32519654948754,0.0,6.05824437550109,0.0138415219964576,133.38344092498863,0.0,303.0264908050748,0.0,0.0641504912024541,EURUSD=X,QR-base,0.05,,,,,
0.01,19,1448,0.0131215469613259,1.2977494181043951,0.2546247278265576,0.5056171598816093,0.4770423341853647,1.8033665779860044,0.4058858611842206,12.993383604723334,0.043141136163907,0.0155599008963255,EURUSD=X,GARCH-t,0.01,0.481563648380727,1.056618754129803,,,
0.025,43,1448,0.029696132596685,1.2369309563106992,0.2660633542116918,0.0690756067819506,0.7926874801127284,1.3060065630926498,0.5204802783063365,9.08480760172594,0.1688644300388097,0.0316493307912366,EURUSD=X,GARCH-t,0.025,0.2538054257621057,1.045252358847655,,,
0.05,76,1448,0.0524861878453038,0.1855397888503827,0.6666550323897855,0.2977225495118318,0.5853137128074,0.4832623383622145,0.7853457838692572,3.803195903120793,0.703288934250369,0.052607298139593,EURUSD=X,GARCH-t,0.05,0.057803193879347,1.042435434609282,,,
0.01,20,1448,0.0138121546961325,1.8998384497041696,0.1680964027659397,0.5606350336230435,0.454004490996286,2.4604734833272133,0.2922233880401178,17.197894859802624,0.0085828169058264,0.0159021489633438,EURUSD=X,FHS,0.01,0.518076091083702,1.0239966493863526,,,
0.025,42,1448,0.0290055248618784,0.907142388716636,0.3408737656812514,2.511406140966926,0.1130250414893117,3.4185485296835623,0.1809971009235074,11.853623825773164,0.0653150839157458,0.0320917522803025,EURUSD=X,FHS,0.025,0.2759739529459512,1.036756958381698,,,
0.05,81,1448,0.055939226519337,1.0372205808864905,0.3084687734416099,0.0521452324438769,0.8193715867207758,1.0893658133303674,0.5800256764586916,8.83388613694716,0.1831379784439147,0.052956757867101,EURUSD=X,FHS,0.05,0.067854476245293,1.0136677101514588,,,
0.01,18,1448,0.0124309392265193,0.8023717765164502,0.3703851920825057,0.4534759530334327,0.5006888850824682,1.2558477295498829,0.533698682225503,16.61737407819708,0.010797250792675,0.015804638654523,EURUSD=X,GARCH-EVT,0.01,0.5078133293748333,1.0282623179714758,,,
0.025,42,1448,0.0290055248618784,0.907142388716636,0.3408737656812514,2.511406140966926,0.1130250414893117,3.4185485296835623,0.1809971009235074,13.830868104276153,0.0315835913550397,0.0319323198164881,EURUSD=X,GARCH-EVT,0.025,0.2679853320714718,1.0280590080316627,,,
0.05,77,1448,0.0531767955801105,0.3016644126757626,0.5828408601689659,0.2087024934854753,0.6477862824940348,0.5103669061612379,0.7747743501814301,8.18274275935359,0.2250185486934414,0.0529630666303932,EURUSD=X,GARCH-EVT,0.05,0.0664335703894096,1.025567214175862,,,
0.01,28,1448,0.0193370165745856,10.016337249122952,0.0015515771997002,1.1050752421305674,0.2931549925644279,11.12141249125352,0.0038460591757373,22.01489922648208,0.0012033687191385,0.0157924267824965,EURUSD=X,RiskMetrics,0.01,0.5257323801596856,1.1136650691846233,,,
0.025,51,1448,0.0352209944751381,5.517878878923696,0.0188230687761605,0.4484042805383978,0.503093711739858,5.966283159462094,0.0506335145157988,19.22345335910337,0.0038024358947345,0.0315111735531993,EURUSD=X,RiskMetrics,0.025,0.2523093198992872,1.1070097554053309,,,
0.05,77,1448,0.0531767955801105,0.3016644126757626,0.5828408601689659,1.448963584340504,0.2286943269827794,1.7506279970162666,0.4167311461743498,10.99018853989829,0.0886801411294534,0.0520573996800928,EURUSD=X,RiskMetrics,0.05,0.0421908360304636,1.1062257607609296,,,
0.01,26,1448,0.0179558011049723,7.489889438121221,0.0062046365505352,0.4790543360916786,0.4888509760145182,7.9689437742128995,0.01860226582551,18.448170213742937,0.0052045665485597,0.0160100371214027,EURUSD=X,Hist,0.01,0.5371911579204547,0.9992763197581584,,,
0.025,45,1448,0.0310773480662983,2.0392696703694817,0.1532832248510384,0.1341540625462585,0.7141632569587921,2.17342373291574,0.3373238379873429,5.73066958958617,0.4540266897060172,0.0324030099988063,EURUSD=X,Hist,0.025,0.287609165330061,1.0395330476428466,,,
0.05,81,1448,0.055939226519337,1.0372205808864905,0.3084687734416099,0.0732358804249315,0.7866823226853547,1.110456461311422,0.5739412552581918,7.497826821216074,0.277248166422617,0.0536054061136483,EURUSD=X,Hist,0.05,0.0828141968039542,1.0295257079388864,,,
0.01,78,1448,0.0538674033149171,138.51183053842385,0.0,0.4240089151867323,0.5149434216408328,138.93583945361058,0.0,343.52622562071326,0.0,0.0229006201494632,EURUSD=X,Fixed-coefficient-control,0.01,1.8166452365359704,1.2467696892500342,,,
0.025,127,1448,0.0877071823204419,143.1716952972632,0.0,3.333262141489058,0.0678920930990024,146.50495743875226,0.0,264.3090452240147,0.0,0.0387905841901445,EURUSD=X,Fixed-coefficient-control,0.025,0.9262120068087688,1.2178395509361657,,,
0.05,171,1448,0.1180939226519337,103.97699880164797,0.0,4.845691781500364,0.0277152734920432,108.82269058314832,0.0,173.7006239165752,0.0,0.0592234289025407,EURUSD=X,Fixed-coefficient-control,0.05,0.4610662628245693,1.2503658721969542,,,
0.025,31,1448,0.0214088397790055,0.8046706933727723,0.3697005675986389,1.3574530801411129,0.2439793731602676,2.162123773513885,0.3392351050503355,16.55105256730245,0.0110828249420243,0.0318659052658554,EURUSD=X,TCP,0.025,,,,,
0.025,31,1448,0.0214088397790055,0.8046706933727723,0.3697005675986389,1.3574530801411129,0.2439793731602676,2.162123773513885,0.3392351050503355,16.55646196807372,0.0110592625327342,0.0318718692464399,EURUSD=X,TCP-RM,0.025,,,,,
0.025,37,1448,0.0255524861878453,0.0180041497750027,0.8932606018943272,1.942066891076024,0.1634442899421361,1.960071040851027,0.3752977678782309,23.39660941214765,0.0006739650006843,0.0336176374668553,EURUSD=X,ACI-fixed,0.025,,,,,
0.025,107,1448,0.0738950276243094,93.93813647992113,0.0,3.2869737380872266,0.0698316197816326,97.22511021800835,0.0,283.2698960417948,0.0,0.041464909179955,EURUSD=X,Reversed-sign-control,0.025,,,,,
0.025,31,1448,0.0214088397790055,0.8046706933727723,0.3697005675986389,1.3574530801411129,0.2439793731602676,2.162123773513885,0.3392351050503355,16.486685546647724,0.0113669355319897,0.0318544557817154,EURUSD=X,CQR,0.025,,,,,
0.0163934426229508,21,1448,0.0145027624309392,0.3338934766727934,0.5633754121645065,0.6185356820899983,0.4315919566313853,0.9524291587627918,0.6211301862155587,16.41415207831416,0.0116955012533526,0.024638465230637,EURUSD=X,CQR-1s-at-effective-level,0.025,,,,0.0163934426229508,60.0
0.0491803278688525,74,1448,0.0511049723756906,0.1133126907956816,0.7364037510245223,0.0134194555090516,0.9077774673257428,0.1267321463047332,0.938599814597847,27.48872146299792,0.0001172505816956,0.0535085964588809,EURUSD=X,CQR-1s-at-effective-level,0.05,,,,0.0491803278688525,58.0
0.01,73,1448,0.0504143646408839,121.56501968526646,0.0,11.318517438386609,0.0007673795793715,132.88353712365307,0.0,538.7716810211357,0.0,0.0734234466616717,FTSE,QR-base,0.01,,,,,
0.025,26,1448,0.0179558011049723,3.2634621206274588,0.070839415854975,2.9406770129540405,0.08637452351865,6.204139133581499,0.0449560664690851,15.147745701680336,0.0191381931750964,0.090499151282603,FTSE,CQR-1s,0.025,,,requested level; exchangeable split-conformal bound is listed in conformal_effective_levels.csv,,
0.025,117,1448,0.0808011049723756,117.6240391766668,0.0,1.504330001635935,0.220006320596241,119.12836917830272,0.0,289.8366716509649,0.0,0.1113260619868901,FTSE,QR-base,0.025,,,,,
0.05,63,1448,0.0435082872928176,1.3410697774007474,0.2468453989116327,3.245325756264947,0.0716274506543325,4.586395533665694,0.1009431525303088,22.48971161355757,0.0009867006963933,0.1328751128066455,FTSE,CQR-1s,0.05,,,requested level; exchangeable split-conformal bound is listed in conformal_effective_levels.csv,,
0.05,159,1448,0.1098066298342541,82.53992855389683,0.0,2.938259239469062,0.0865039115064155,85.47818779336589,0.0,217.6515211311925,0.0,0.1579395517162532,FTSE,QR-base,0.05,,,,,
0.01,23,1448,0.0158839779005524,4.296126622875967,0.0381992792862719,0.7798745645791598,0.3771795051391049,5.076001187455127,0.0790242435093782,11.95875430464574,0.0628952958586751,0.0414078238209203,FTSE,GARCH-t,0.01,1.3658593315355023,1.058731512499131,,,
0.025,50,1448,0.0345303867403314,4.831721958986961,0.0279407108115172,2.3925812693922808,0.1219121796758337,7.224303228379242,0.0269937043013919,11.523179909443352,0.0734916056496727,0.0771684245436922,FTSE,GARCH-t,0.025,1.060753961271902,1.0552183377230178,,,
0.05,89,1448,0.06146408839779,3.745683062466412,0.0529440834948551,11.10099444025559,0.0008628144132062,14.846677502722002,0.0005971520712116,29.12586807670884,5.758912237829872e-05,0.1230183216895208,FTSE,GARCH-t,0.05,0.8249231190875571,1.0548910839573973,,,
0.01,13,1448,0.0089779005524861,0.1582326945840968,0.6907888712167767,2.6527959749712124,0.1033679419265057,2.8110286695553093,0.2452408880916712,18.613440882888835,0.004868810225335,0.0412593775336765,FTSE,FHS,0.01,1.316742208463232,1.013276120472899,,,
0.025,39,1448,0.0269337016574585,0.2167539985727131,0.6415244174799324,5.270617015908215,0.0216883239126556,5.487371014480928,0.0643328104022736,11.811437740942225,0.0663100451947947,0.076818938899445,FTSE,FHS,0.025,1.0314395873344318,0.9820415523686415,,,
0.05,70,1448,0.048342541436464,0.0846368027744226,0.7711094073588209,7.365233832613626,0.006649695230498,7.449870635388049,0.0241146601681999,12.932713831614029,0.0441169873606576,0.1223253923717193,FTSE,FHS,0.05,0.8101477871284571,0.9837175863337668,,,
0.01,11,1448,0.0075966850828729,0.9212326767467394,0.3371515196423736,0.1685253250287814,0.6814257370696183,1.0897580017755208,0.5799119479257107,8.75216097855031,0.1880035885826279,0.0403437470426457,FTSE,GARCH-EVT,0.01,1.3059096176379066,1.0728861551289046,,,
0.025,34,1448,0.0234806629834254,0.1399220616151435,0.7083585058758617,3.83865364046261,0.050083722943637,3.9785757020777535,0.1367928076219374,9.524289987951905,0.1461679691838778,0.0765400790632515,FTSE,GARCH-EVT,0.025,1.031412198647328,1.0050962427309609,,,
0.05,69,1448,0.0476519337016574,0.1706250090273462,0.6795569387544216,5.504890445933597,0.0189633681085632,5.675515454960944,0.0585568192154425,8.807153912740624,0.1847175981347324,0.1223842746287343,FTSE,GARCH-EVT,0.05,0.8085234844537286,0.9833219653033608,,,
0.01,33,1448,0.0227900552486187,17.56708706564104,2.77347295496444e-05,7.554203948648706,0.0059870239614591,25.121291014289746,3.5073650264116907e-06,78.88703893713907,6.106226635438361e-15,0.0474511619351518,FTSE,RiskMetrics,0.01,1.804397583782802,1.3540345505597688,,,
0.025,51,1448,0.0352209944751381,5.517878878923696,0.0188230687761605,9.78933723458448,0.0017552671658809,15.307216113508176,0.0004743296296527,31.35903518008629,2.164548196970096e-05,0.0810422283559732,FTSE,RiskMetrics,0.025,1.218265407768153,1.3054159594614134,,,
0.05,77,1448,0.0531767955801105,0.3016644126757626,0.5828408601689659,11.81073212809406,0.0005889027045519,12.112396540769822,0.0023432925396359,22.121430489077834,0.0011510229010767,0.1252619761641158,FTSE,RiskMetrics,0.05,0.8949011594625165,1.2748094376672316,,,
0.01,23,1448,0.0158839779005524,4.296126622875967,0.0381992792862719,18.945926332991064,1.3447610460404212e-05,23.24205295586703,8.975369289898616e-06,133.86485151005274,0.0,0.051561826962786,FTSE,Hist,0.01,1.70196135513172,1.1447954081835348,,,
0.025,39,1448,0.0269337016574585,0.2167539985727131,0.6415244174799324,16.643541818253425,4.5103613152241984e-05,16.860295816826138,0.0002181892159829,62.36263467787603,1.48840939573347e-11,0.0917269504673649,FTSE,Hist,0.025,1.302085830183921,1.1622837543005933,,,
0.05,73,1448,0.0504143646408839,0.0052204385228151,0.9424008840321332,13.84906201703552,0.0001980955922648,13.854282455558335,0.0009808007503153,54.47404798319416,5.919199574933032e-10,0.1421379194358083,FTSE,Hist,0.05,1.025126332463576,1.115662928966526,,,
0.01,85,1448,0.0587016574585635,163.36754831208646,0.0,13.026013546673084,0.0003071937737265,176.39356185875954,0.0,479.9939561549039,0.0,0.0629962393428319,FTSE,Fixed-coefficient-control,0.01,3.4274849838506563,1.3978322736902582,,,
0.025,128,1448,0.0883977900552486,145.82351477677832,0.0,17.90866613685921,2.317633655202212e-05,163.73218091363754,0.0,343.66771348674536,0.0,0.0953807472873825,FTSE,Fixed-coefficient-control,0.025,2.0290352751556373,1.3662760377781098,,,
0.05,170,1448,0.117403314917127,102.11597370958816,0.0,11.00435896269346,0.0009089786442326,113.12033267228162,0.0,179.47614836355956,0.0,0.1369796383840411,FTSE,Fixed-coefficient-control,0.05,1.3698104251558625,1.3518920923972604,,,
0.025,38,1448,0.0262430939226519,0.0903510265693587,0.7637313714970508,5.61024354574613,0.0178557811107579,5.700594572315488,0.0578271271147983,24.232895475728267,0.0004731655670338,0.0865831295588485,FTSE,TCP,0.025,,,,,
0.025,38,1448,0.0262430939226519,0.0903510265693587,0.7637313714970508,5.61024354574613,0.0178557811107579,5.700594572315488,0.0578271271147983,24.22867303206491,0.0004740138308284,0.0865854945465753,FTSE,TCP-RM,0.025,,,,,
0.025,41,1448,0.0283149171270718,0.6263998441425755,0.4286789580354658,0.0249652150949941,0.8744537687552381,0.6513650592375697,0.722034375578032,11.375018506814538,0.07745487334175,0.0826407289166679,FTSE,ACI-fixed,0.025,,,,,
0.025,108,1448,0.074585635359116,96.21863838718735,0.0,3.0640493023591944,0.0800419702987187,99.28268768954656,0.0,270.737672591904,0.0,0.1087589505613491,FTSE,Reversed-sign-control,0.025,,,,,
0.025,38,1448,0.0262430939226519,0.0903510265693587,0.7637313714970508,5.61024354574613,0.0178557811107579,5.700594572315488,0.0578271271147983,24.45547398277048,0.0004305042118548,0.0867623280325296,FTSE,CQR,0.025,,,,,
0.0163934426229508,26,1448,0.0179558011049723,0.2126602856372663,0.6446902421413291,2.9406770129540405,0.08637452351865,3.153337298591307,0.2066624177088731,18.749809463355657,0.0046077081572938,0.0647700134039905,FTSE,CQR-1s-at-effective-level,0.025,,,,0.0163934426229508,60.0
0.0491803278688525,63,1448,0.0435082872928176,1.0348009162288356,0.3090337317401982,3.245325756264947,0.0716274506543325,4.280126672493783,0.1176473914415736,22.54304772078885,0.0009648966429586,0.1313663037217821,FTSE,CQR-1s-at-effective-level,0.05,,,,0.0491803278688525,58.0
0.01,77,1448,0.0531767955801105,135.06691062716445,0.0,9.30768009667372,0.0022819524623873,144.37459072383817,0.0,589.6483264015509,0.0,0.0321443870326298,GBPUSD=X,QR-base,0.01,,,,,
0.025,29,1448,0.0200276243093922,1.5743860668031004,0.2095711920800566,1.1862604168443909,0.2760851743817475,2.760646483647492,0.2514972454911615,20.66364676117552,0.0021080684156885,0.0471534608023505,GBPUSD=X,CQR-1s,0.025,,,requested level; exchangeable split-conformal bound is listed in conformal_effective_levels.csv,,
0.025,121,1448,0.0835635359116022,127.62769018733172,0.0,4.789648411534813,0.0286312702872354,132.41733859886654,0.0,418.3529639845003,0.0,0.0560414078633443,GBPUSD=X,QR-base,0.025,,,,,
0.05,72,1448,0.0497237569060773,0.0023303275209887,0.961498300946364,0.110489334663157,0.7395877215928415,0.1128196621841457,0.945151703949987,33.991938068312855,6.751555811312926e-06,0.0712721472365839,GBPUSD=X,CQR-1s,0.05,,,requested level; exchangeable split-conformal bound is listed in conformal_effective_levels.csv,,
0.05,188,1448,0.1298342541436464,137.59134734907244,0.0,5.530600338493514,0.0186866926236219,143.12194768756595,0.0,361.26443430318864,0.0,0.0838158875842941,GBPUSD=X,QR-base,0.05,,,,,
0.01,21,1448,0.0145027624309392,2.603369750031634,0.1066367641364083,0.6185356820899983,0.4315919566313853,3.2219054321216323,0.1996972686218396,7.231692835479906,0.2999509891026947,0.0200992096279113,GBPUSD=X,GARCH-t,0.01,0.6452759793891321,1.0188047232263688,,,
0.025,43,1448,0.029696132596685,1.2369309563106992,0.2660633542116918,0.3731404051073923,0.5412974348233404,1.6100713614180917,0.4470719744297246,4.97235904719314,0.5473631517854449,0.0403933739878232,GBPUSD=X,GARCH-t,0.025,0.4511796778296905,1.0473544837321864,,,
0.05,80,1448,0.0552486187845303,0.8133201374701251,0.3671404681513208,0.0813040956919621,0.7755378583937852,0.8946242331620873,0.63934432716463,3.3390567976225825,0.7652445760045349,0.0665855629717355,GBPUSD=X,GARCH-t,0.05,0.2646328329673106,1.0409096881090218,,,
0.01,21,1448,0.0145027624309392,2.603369750031634,0.1066367641364083,0.6185356820899983,0.4315919566313853,3.2219054321216323,0.1996972686218396,9.916304912494596,0.1282211381171465,0.0205662856455667,GBPUSD=X,FHS,0.01,0.6873312561536973,1.0287061130938668,,,
0.025,42,1448,0.0290055248618784,0.907142388716636,0.3408737656812514,0.4489186451166915,0.5028489203372898,1.3560610338333277,0.5076157491562492,5.234595317871987,0.5140958096751622,0.0405376640870934,GBPUSD=X,FHS,0.025,0.4598617493232492,1.0580619682489147,,,
0.05,75,1448,0.0517955801104972,0.0971894399711388,0.755228846590973,0.3277523253567551,0.5669856073286501,0.4249417653278939,0.8085838597866617,3.685161549716049,0.7191937202972298,0.0666821521308088,GBPUSD=X,FHS,0.05,0.2664771947282162,1.0528430060855751,,,
0.01,19,1448,0.0131215469613259,1.2977494181043951,0.2546247278265576,0.5056171598816093,0.4770423341853647,1.8033665779860044,0.4058858611842206,5.753610662566839,0.4513490565773049,0.0203051164487885,GBPUSD=X,GARCH-EVT,0.01,0.6753984509204684,1.060770530716798,,,
0.025,43,1448,0.029696132596685,1.2369309563106992,0.2660633542116918,0.0690756067819506,0.7926874801127284,1.3060065630926498,0.5204802783063365,4.639466629879518,0.5908127103127663,0.0404471175527016,GBPUSD=X,GARCH-EVT,0.025,0.4553361166659537,1.0418928612394087,,,
0.05,74,1448,0.0511049723756906,0.0369632123062966,0.8475399655506343,0.0134194555090516,0.9077774673257428,0.0503826678153482,0.975123320022929,3.684778478089618,0.7192452249955144,0.0667051987554513,GBPUSD=X,GARCH-EVT,0.05,0.2669974118282432,1.0536841277402422,,,
0.01,31,1448,0.0214088397790055,14.346680050915744,0.0001520475738183,0.1543582086362107,0.694404810567159,14.501038259551954,0.000709805811849,27.734811090588675,0.0001054054393399,0.0209771462715426,GBPUSD=X,RiskMetrics,0.01,0.7799480453769418,1.1491355461964594,,,
0.025,51,1448,0.0352209944751381,5.517878878923696,0.0188230687761605,0.4484042805383978,0.503093711739858,5.966283159462094,0.0506335145157988,28.614276241628648,7.196087581984312e-05,0.0407660420474423,GBPUSD=X,RiskMetrics,0.025,0.4947431592518732,1.161529768935788,,,
0.05,76,1448,0.0524861878453038,0.1855397888503827,0.6666550323897855,0.2647558778451184,0.6068714683634208,0.4502956666955011,0.7983981801587604,15.56225855516422,0.0163066706698675,0.0665031548685747,GBPUSD=X,RiskMetrics,0.05,0.2726575189321699,1.1616369566084617,,,
0.01,32,1448,0.0220994475138121,15.924922255280087,6.590517299009946e-05,1.6804843785001822,0.1948601024428278,17.60540663378027,0.0001503261461044,100.08891516523884,0.0,0.0218801901880069,GBPUSD=X,Hist,0.01,0.8658126888913983,1.010041721979044,,,
0.025,44,1448,0.0303867403314917,1.614658832887228,0.2038381483494517,1.654014234967633,0.1984134516948452,3.268673067854861,0.1950817585005694,39.79364137508336,5.000856714287849e-07,0.0422536105185521,GBPUSD=X,Hist,0.025,0.552992215959594,1.1094678643600806,,,
0.05,77,1448,0.0531767955801105,0.3016644126757626,0.5828408601689659,9.30768009667372,0.0022819524623873,9.609344509349484,0.0081913852627023,33.494819678295904,8.419938888115652e-06,0.0688840624405147,GBPUSD=X,Hist,0.05,0.3355573601769206,1.0679774524406116,,,
0.01,77,1448,0.0531767955801105,135.06691062716445,0.0,0.3581860720018994,0.5495153745236825,135.42509669916635,0.0,317.6844800389776,0.0,0.0299249934586744,GBPUSD=X,Fixed-coefficient-control,0.01,2.0789806043860057,1.285192415560637,,,
0.025,120,1448,0.0828729281767955,125.09937858729654,0.0,0.1112019390084242,0.738779872928871,125.21058052630497,0.0,239.33347160394183,0.0,0.0487932028484757,GBPUSD=X,Fixed-coefficient-control,0.025,1.1235028623865593,1.2727480932224604,,,
0.05,170,1448,0.117403314917127,102.11597370958816,0.0,0.5909491129823436,0.4420523371372358,102.7069228225705,0.0,157.03910839460033,0.0,0.0733130550308854,GBPUSD=X,Fixed-coefficient-control,0.05,0.6458144940475609,1.2640040532803936,,,
0.025,44,1448,0.0303867403314917,1.614658832887228,0.2038381483494517,0.3049215780259828,0.5808133577807673,1.9195804109132109,0.3829732232401596,52.48969455107481,1.4863842379142511e-09,0.0445380517856023,GBPUSD=X,TCP,0.025,,,,,
0.025,44,1448,0.0303867403314917,1.614658832887228,0.2038381483494517,0.3049215780259828,0.5808133577807673,1.9195804109132109,0.3829732232401596,52.49909841706098,1.4799217407102103e-09,0.044532637570634,GBPUSD=X,TCP-RM,0.025,,,,,
0.025,47,1448,0.0324585635359116,3.0251468050929944,0.0819829011202923,0.2194733280295508,0.6394415092948418,3.2446201331225453,0.1974420675440318,44.99734702816205,4.685896892731024e-08,0.044527833127835,GBPUSD=X,ACI-fixed,0.025,,,,,
0.025,109,1448,0.0752762430939226,98.51915161504344,0.0,8.807392882176714,0.0030001241618963,107.32654449722014,0.0,374.9087444632239,0.0,0.0548283028954824,GBPUSD=X,Reversed-sign-control,0.025,,,,,
0.025,44,1448,0.0303867403314917,1.614658832887228,0.2038381483494517,0.3049215780259828,0.5808133577807673,1.9195804109132109,0.3829732232401596,52.370925632429696,1.5704665345950275e-09,0.0445421500494026,GBPUSD=X,CQR,0.025,,,,,
0.0163934426229508,29,1448,0.0200276243093922,1.1082817283676487,0.2924557678386115,1.1862604168443909,0.2760851743817475,2.29454214521204,0.3175020282102483,30.29045577432324,3.461245126890056e-05,0.0332895541192402,GBPUSD=X,CQR-1s-at-effective-level,0.025,,,,0.0163934426229508,60.0
0.0491803278688525,72,1448,0.0497237569060773,0.0091128351625549,0.9239485304477044,0.110489334663157,0.7395877215928415,0.1196021698257119,0.9419518833912496,34.54241421683394,5.284616975020917e-06,0.0704150832781034,GBPUSD=X,CQR-1s-at-effective-level,0.05,,,,0.0491803278688525,58.0
0.01,89,1448,0.06146408839779,178.12727018019052,0.0,0.0558358265620881,0.813202946364555,178.1831060067526,0.0,636.9189006668537,0.0,0.0674058876909485,Gold,QR-base,0.01,,,,,
0.025,28,1448,0.0193370165745856,2.063677115609148,0.1508457794210169,0.3248267498690325,0.5687212818743612,2.38850386547818,0.3029304818184049,13.074389655101683,0.0418697259510174,0.0883645762701441,Gold,CQR-1s,0.025,,,requested level; exchangeable split-conformal bound is listed in conformal_effective_levels.csv,,
0.025,136,1448,0.0939226519337016,167.6452733179236,0.0,0.3149375377699925,0.5746660020187402,167.9602108556936,0.0,431.5869122714613,0.0,0.1097369469584823,Gold,QR-base,0.025,,,,,
0.05,74,1448,0.0511049723756906,0.0369632123062966,0.8475399655506343,0.3977876036160523,0.5282340479114687,0.434750815922349,0.8046278488990873,43.27187692269693,1.0304931186144729e-07,0.1430637311560987,Gold,CQR-1s,0.05,,,requested level; exchangeable split-conformal bound is listed in conformal_effective_levels.csv,,
0.05,180,1448,0.1243093922651933,121.31517046893065,0.0,0.6969533873523233,0.4038092977135339,122.01212385628295,0.0,285.88708956889906,0.0,0.1622433066130184,Gold,QR-base,0.05,,,,,
0.01,26,1448,0.0179558011049723,7.489889438121221,0.0062046365505352,0.4790543360916786,0.4888509760145182,7.9689437742128995,0.01860226582551,26.220513254139124,0.0002025366188391,0.0412748993934269,Gold,GARCH-t,0.01,1.4193429925791392,0.9531942211947896,,,
0.025,58,1448,0.0400552486187845,11.418897473061342,0.0007270082487458,0.1962488015814187,0.6577658966907094,11.61514627464276,0.0030047132575706,27.96877620592391,9.5243505538134e-05,0.0808624862095923,Gold,GARCH-t,0.025,1.17611389410208,0.9813384539652764,,,
0.05,93,1448,0.0642265193370165,5.683176427575184,0.0171283312669808,0.7162363456584444,0.3973812378137972,6.399412773233628,0.0407741740641851,12.279697758018886,0.0560121726839696,0.1284501927244995,Gold,GARCH-t,0.05,0.9343813411712534,1.0357966328899224,,,
0.01,26,1448,0.0179558011049723,7.489889438121221,0.0062046365505352,0.4790543360916786,0.4888509760145182,7.9689437742128995,0.01860226582551,49.99557563856833,4.710679624153613e-09,0.042236217218806,Gold,FHS,0.01,1.463028790255511,1.0122935510788509,,,
0.025,48,1448,0.0331491712707182,3.5845234368507306,0.0583201422222887,0.1038000555522558,0.7473162137819589,3.6883234924029855,0.1581578417504413,24.65287629992883,0.0003958518566166,0.0804479393586533,Gold,FHS,0.025,1.1754112929061131,1.0578716905860035,,,
0.05,81,1448,0.055939226519337,1.0372205808864905,0.3084687734416099,0.0521452324438769,0.8193715867207758,1.0893658133303674,0.5800256764586916,8.952225516061839,0.1762827556400517,0.1286630477171509,Gold,FHS,0.05,0.9333261909609968,1.0526023498681398,,,
0.01,24,1448,0.0165745856353591,5.27706398029683,0.021608155698751,0.6696363855336926,0.4131784082982185,5.946700365830523,0.0511317224440419,29.586234871927115,4.710577786781744e-05,0.0411324323563534,Gold,GARCH-EVT,0.01,1.4334039900841804,1.0605344271792374,,,
0.025,44,1448,0.0303867403314917,1.614658832887228,0.2038381483494517,0.0990418120480853,0.7529825410208136,1.7137006449353134,0.4244970076094738,23.31926330165403,0.0006963055678859,0.0798745227434744,Gold,GARCH-EVT,0.025,1.1639022765620215,1.0804235506622712,,,
0.05,79,1448,0.0545580110497237,0.6158823335703794,0.4325815650686512,0.1170624075631394,0.7322426462169794,0.7329447411335188,0.6931752882583282,8.222149923596977,0.2222756838121512,0.128339922408514,Gold,GARCH-EVT,0.05,0.9299266635383884,1.0623814810706145,,,
0.01,40,1448,0.0276243093922651,30.70592111883959,3.002474335822569e-08,0.0110321970360587,0.9163486187488028,30.71695331587565,2.137461677653718e-07,64.84548311832934,4.638955886093754e-12,0.0413930951483292,Gold,RiskMetrics,0.01,1.5414176080464617,1.1450306719240002,,,
0.025,57,1448,0.0393646408839779,10.46306679480395,0.0012178492780069,0.9303455131882288,0.3347731597880813,11.39341230799218,0.0033570047232625,24.931718991613675,0.0003515383007788,0.0789784570527786,Gold,RiskMetrics,0.025,1.185748180964008,1.1857139970612036,,,
0.05,79,1448,0.0545580110497237,0.6158823335703794,0.4325815650686512,0.1170624075631394,0.7322426462169794,0.7329447411335188,0.6931752882583282,5.853961535729836,0.4397468281808606,0.1263386161913215,Gold,RiskMetrics,0.05,0.9180450041400298,1.1951491647781922,,,
0.01,28,1448,0.0193370165745856,10.016337249122952,0.0015515771997002,0.3248267498690325,0.5687212818743612,10.341163998991984,0.0056812613655934,50.685045138724114,3.426039896226029e-09,0.0414779537493615,Gold,Hist,0.01,1.4623743000881684,1.0731270391704288,,,
0.025,48,1448,0.0331491712707182,3.5845234368507306,0.0583201422222887,0.1038000555522558,0.7473162137819589,3.6883234924029855,0.1581578417504413,21.94408928188777,0.0012394463432886,0.0795961181079052,Gold,Hist,0.025,1.1532240390666388,1.0853776147460448,,,
0.05,88,1448,0.0607734806629834,3.3205551230336745,0.0684187231369014,0.0267316472641141,0.8701262243165303,3.3472867702977886,0.1875624569792926,8.042977444434062,0.2349715527401908,0.1283056062770584,Gold,Hist,0.05,0.9229791030273812,1.0294482662665818,,,
0.01,80,1448,0.0552486187845303,145.48265157776797,0.0,0.5735392925101905,0.448855913546944,146.05619087027816,0.0,345.8967882550896,0.0,0.0599243001885722,Gold,Fixed-coefficient-control,0.01,3.1293942582594023,1.3376429668125809,,,
0.025,110,1448,0.0759668508287292,100.83950737627411,0.0,0.3569431357915391,0.5502088605091497,101.19645051206568,0.0,177.29617938620908,0.0,0.0942620335675127,Gold,Fixed-coefficient-control,0.025,1.916171251344866,1.3503504840612883,,,
0.05,153,1448,0.1056629834254143,72.57647787284927,0.0,0.1092921293792414,0.7409514799458539,72.68577000222851,1.1102230246251563e-16,114.02979971931038,0.0,0.1376615875129026,Gold,Fixed-coefficient-control,0.05,1.3152972270179883,1.3340547973087424,,,
0.025,46,1448,0.0317679558011049,2.5097541278688738,0.1131435831444552,1.345296726465108,0.2461020353914921,3.8550508543339816,0.1455078230474257,19.8077388630229,0.0029962148045477,0.0841066636005492,Gold,TCP,0.025,,,,,
0.025,46,1448,0.0317679558011049,2.5097541278688738,0.1131435831444552,1.345296726465108,0.2461020353914921,3.8550508543339816,0.1455078230474257,19.80487834703127,0.0029997226967282,0.0840900111913046,Gold,TCP-RM,0.025,,,,,
0.025,51,1448,0.0352209944751381,5.517878878923696,0.0188230687761605,2.197943782904815,0.1381949710511865,7.715822661828511,0.0211120495893353,37.42325257903379,1.4560462612278613e-06,0.0850465074078808,Gold,ACI-fixed,0.025,,,,,
0.025,125,1448,0.0863259668508287,137.91996677802683,0.0,0.0721729200731715,0.7881988920202433,137.9921396981,0.0,378.10962121469856,0.0,0.1063834090533158,Gold,Reversed-sign-control,0.025,,,,,
0.025,46,1448,0.0317679558011049,2.5097541278688738,0.1131435831444552,1.345296726465108,0.2461020353914921,3.8550508543339816,0.1455078230474257,19.758642478950645,0.0030569812237046,0.0840860337341079,Gold,CQR,0.025,,,,,
0.0163934426229508,28,1448,0.0193370165745856,0.7360069449888478,0.3909430061704034,0.3248267498690325,0.5687212818743612,1.0608336948578805,0.5883596623415017,17.750607837069833,0.006886619130237,0.0624200134844965,Gold,CQR-1s-at-effective-level,0.025,,,,0.0163934426229508,60.0
0.0491803278688525,74,1448,0.0511049723756906,0.1133126907956816,0.7364037510245223,0.3977876036160523,0.5282340479114687,0.511100294411734,0.7744902970623138,44.03900038157672,7.261614121123473e-08,0.1414194963323997,Gold,CQR-1s-at-effective-level,0.05,,,,0.0491803278688525,58.0
0.01,98,1448,0.0676795580110497,212.7144346945983,0.0,0.8837510150127628,0.3471763607847457,213.59818570961107,0.0,704.7948450921232,0.0,0.0343266087186102,JPYUSD=X,QR-base,0.01,,,,,
0.025,26,1448,0.0179558011049723,3.2634621206274588,0.070839415854975,0.9514957403445125,0.3293388615100875,4.214957860971971,0.121544001380094,14.127664863502506,0.0282421370548502,0.042589820193456,JPYUSD=X,CQR-1s,0.025,,,requested level; exchangeable split-conformal bound is listed in conformal_effective_levels.csv,,
0.025,143,1448,0.098756906077348,187.59367428451125,0.0,0.0646148472227423,0.7993452943004211,187.658289131734,0.0,442.4875662479852,0.0,0.0548048252126976,JPYUSD=X,QR-base,0.025,,,,,
0.05,84,1448,0.0580110497237569,1.8646591658441167,0.1720880274362052,2.400714135013118,0.1212798743615328,4.2653733008572345,0.1185184480912838,27.916719692446723,9.741726544731932e-05,0.068216625770064,JPYUSD=X,CQR-1s,0.05,,,requested level; exchangeable split-conformal bound is listed in conformal_effective_levels.csv,,
0.05,192,1448,0.1325966850828729,146.02467988898923,0.0,0.115330910639841,0.7341547279218699,146.14001079962907,0.0,298.2600750235012,0.0,0.0807449541488218,JPYUSD=X,QR-base,0.05,,,,,
0.01,21,1448,0.0145027624309392,2.603369750031634,0.1066367641364083,1.0335295361497003,0.309331120410654,3.6368992861813343,0.1622771435000779,9.781900299198597,0.1341422619154972,0.0186125863845896,JPYUSD=X,GARCH-t,0.01,0.6008542553925299,0.9513752209775496,,,
0.025,43,1448,0.029696132596685,1.2369309563106992,0.2660633542116918,0.3731404051073923,0.5412974348233404,1.6100713614180917,0.4470719744297246,4.704967301254173,0.5821708739494877,0.0384344230558872,JPYUSD=X,GARCH-t,0.025,0.4051924951914096,0.9976410910234444,,,
0.05,73,1448,0.0504143646408839,0.0052204385228151,0.9424008840321332,1.006711434012573,0.3156919686819304,1.011931872535388,0.602922908958621,10.90394955521743,0.0913907373602938,0.0631279200592255,JPYUSD=X,GARCH-t,0.05,0.2099296173531111,1.0405970236365094,,,
0.01,24,1448,0.0165745856353591,5.27706398029683,0.021608155698751,0.8095956580909558,0.3682398215005857,6.086659638387786,0.0476758728562767,25.488170555606995,0.0002772099291608,0.0190884737440807,JPYUSD=X,FHS,0.01,0.6474237997607628,1.0208666709128993,,,
0.025,40,1448,0.0276243093922651,0.3958640892072997,0.5292329808102174,0.0110321970360587,0.9163486187488028,0.4068962862433585,0.8159125139015966,3.781989431416996,0.7061509279776402,0.0386859796037488,JPYUSD=X,FHS,0.025,0.415563111390807,1.079774122424657,,,
0.05,85,1448,0.0587016574585635,2.191408162106786,0.1387823851485384,1.0311106053417234,0.3098979611074111,3.222518767448509,0.1996360373163869,11.113671325138842,0.0849261766969716,0.063026548949595,JPYUSD=X,FHS,0.05,0.2056985658144439,1.0208098147867035,,,
0.01,21,1448,0.0145027624309392,2.603369750031634,0.1066367641364083,0.6185356820899983,0.4315919566313853,3.2219054321216323,0.1996972686218396,11.248911965154068,0.0809814820586204,0.0190401632894933,JPYUSD=X,GARCH-EVT,0.01,0.6447806381716589,1.061493300201025,,,
0.025,40,1448,0.0276243093922651,0.3958640892072997,0.5292329808102174,0.0110321970360587,0.9163486187488028,0.4068962862433585,0.8159125139015966,3.691355840556112,0.7183607700532808,0.0385194659800866,JPYUSD=X,GARCH-EVT,0.025,0.4106161819681828,1.0765735996505257,,,
0.05,79,1448,0.0545580110497237,0.6158823335703794,0.4325815650686512,0.4951437575138016,0.481641720341701,1.111026091084181,0.5737778115214967,11.110462627099876,0.085021861705051,0.0628586831144812,JPYUSD=X,GARCH-EVT,0.05,0.2029627625225813,1.0431536260181844,,,
0.01,28,1448,0.0193370165745856,10.016337249122952,0.0015515771997002,0.3248267498690325,0.5687212818743612,10.341163998991984,0.0056812613655934,17.665342004653862,0.0071252759357454,0.0183497617764715,JPYUSD=X,RiskMetrics,0.01,0.6785216770694548,1.0882433735356136,,,
0.025,45,1448,0.0310773480662983,2.0392696703694817,0.1532832248510384,0.2440599270432812,0.6212890766873334,2.283329597412763,0.3192870304746268,7.057832342809573,0.3155320168965329,0.0370477436645305,JPYUSD=X,RiskMetrics,0.025,0.4010428673151621,1.1166609162001495,,,
0.05,76,1448,0.0524861878453038,0.1855397888503827,0.6666550323897855,0.2977225495118318,0.5853137128074,0.4832623383622145,0.7853457838692572,8.61221345612605,0.1965899049924722,0.0616242081048008,JPYUSD=X,RiskMetrics,0.05,0.196999670001585,1.1218721645326168,,,
0.01,28,1448,0.0193370165745856,10.016337249122952,0.0015515771997002,0.3248267498690325,0.5687212818743612,10.341163998991984,0.0056812613655934,32.1651367694191,1.517020148245063e-05,0.0215083510877905,JPYUSD=X,Hist,0.01,0.8633010096564446,1.1303566978675186,,,
0.025,60,1448,0.0414364640883977,13.437745275374624,0.0002466118373695,2.1832412382999564,0.1395203593575318,15.62098651367458,0.000405458003555,48.18435448204959,1.085516154741839e-08,0.0416181549950667,JPYUSD=X,Hist,0.025,0.5566734766083896,1.0799276904966115,,,
0.05,87,1448,0.0600828729281767,2.919625533859076,0.0875081695425381,2.593506107489816,0.1073025714553705,5.513131641348892,0.0635094972881278,18.79281015506421,0.0045282366463937,0.066427925652946,JPYUSD=X,Hist,0.05,0.3069840592423716,1.097524802286329,,,
0.01,85,1448,0.0587016574585635,163.36754831208646,0.0,1.0311106053417234,0.3098979611074111,164.39865891742818,0.0,415.9641721321113,0.0,0.0269960649760167,JPYUSD=X,Fixed-coefficient-control,0.01,1.9737407703533705,1.217793141117383,,,
0.025,127,1448,0.0877071823204419,143.1716952972632,0.0,0.0023224528573564,0.9615633582089314,143.17401775012056,0.0,250.1719716875862,0.0,0.0460634167451249,JPYUSD=X,Fixed-coefficient-control,0.025,1.0881051197634948,1.2121532932528185,,,
0.05,170,1448,0.117403314917127,102.11597370958816,0.0,0.0670385138607798,0.7956985347794655,102.18301222344894,0.0,154.4322499116818,0.0,0.0698556105637135,JPYUSD=X,Fixed-coefficient-control,0.05,0.6035760869069113,1.2458665012578345,,,
0.025,43,1448,0.029696132596685,1.2369309563106992,0.2660633542116918,0.3731404051073923,0.5412974348233404,1.6100713614180917,0.4470719744297246,16.83678340224902,0.0099021825598469,0.0398418882837817,JPYUSD=X,TCP,0.025,,,,,
0.025,43,1448,0.029696132596685,1.2369309563106992,0.2660633542116918,0.3731404051073923,0.5412974348233404,1.6100713614180917,0.4470719744297246,16.703867850795937,0.0104354596594349,0.0398253300889992,JPYUSD=X,TCP-RM,0.025,,,,,
0.025,48,1448,0.0331491712707182,3.5845234368507306,0.0583201422222887,0.2695235249244661,0.6036515749629348,3.8540469617751967,0.145580878491247,27.27501805487346,0.0001285972570774,0.0411613643108711,JPYUSD=X,ACI-fixed,0.025,,,,,
0.025,137,1448,0.0946132596685082,170.4471878167177,0.0,7.919976155790209e-05,0.9928993800896244,170.44726701647926,0.0,398.6758327192976,0.0,0.0554758233884131,JPYUSD=X,Reversed-sign-control,0.025,,,,,
0.025,43,1448,0.029696132596685,1.2369309563106992,0.2660633542116918,0.3731404051073923,0.5412974348233404,1.6100713614180917,0.4470719744297246,17.04243623406583,0.0091285436932314,0.0399262935017516,JPYUSD=X,CQR,0.025,,,,,
0.0163934426229508,26,1448,0.0179558011049723,0.2126602856372663,0.6446902421413291,0.9514957403445125,0.3293388615100875,1.1641560259817787,0.5587360985083982,17.20779788881901,0.0085491426262276,0.0298007319397578,JPYUSD=X,CQR-1s-at-effective-level,0.025,,,,0.0163934426229508,60.0
0.0491803278688525,84,1448,0.0580110497237569,2.288843498570692,0.1303069856123471,2.400714135013118,0.1212798743615328,4.68955763358381,0.0958684042668446,28.79195640138338,6.660686881421185e-05,0.0673990315201167,JPYUSD=X,CQR-1s-at-effective-level,0.05,,,,0.0491803278688525,58.0
0.01,58,1448,0.0400552486187845,75.26504984687143,0.0,1.0262144791793162,0.3110494389804059,76.29126432605075,0.0,227.4981764193737,0.0,0.37313039859714,LTC-USD,QR-base,0.01,,,,,
0.025,23,1448,0.0158839779005524,5.659048529412015,0.0173655411649485,0.7430098357455961,0.388698423028915,6.402058365157611,0.040720273808759,15.857608051778532,0.014538994554848,0.6342837678189153,LTC-USD,CQR-1s,0.025,,,requested level; exchangeable split-conformal bound is listed in conformal_effective_levels.csv,,
0.025,110,1448,0.0759668508287292,100.83950737627411,0.0,0.8542880584797103,0.3553420903627495,101.69379543475384,0.0,308.42827415362365,0.0,0.6368702903705578,LTC-USD,QR-base,0.025,,,,,
0.05,74,1448,0.0511049723756906,0.0369632123062966,0.8475399655506343,0.3977876036160523,0.5282340479114687,0.434750815922349,0.8046278488990873,50.130780498935934,4.425644739569634e-09,0.8630406539364935,LTC-USD,CQR-1s,0.05,,,requested level; exchangeable split-conformal bound is listed in conformal_effective_levels.csv,,
0.05,166,1448,0.1146408839779005,94.80585861363846,0.0,0.0001270826228392,0.9910055637536064,94.8059856962613,0.0,256.0301014838942,0.0,0.8906076373257897,LTC-USD,QR-base,0.05,,,,,
0.01,14,1448,0.0096685082872928,0.0162510997340095,0.8985606589868602,0.2735563406341725,0.6009560643206435,0.289807440368182,0.865105581307301,5.857142208031339,0.4393820593929621,0.2520874340319504,LTC-USD,GARCH-t,0.01,3.187192510383525,0.8387570822610239,,,
0.025,39,1448,0.0269337016574585,0.2167539985727131,0.6415244174799324,2.160787715580568,0.1415720981757477,2.3775417141532813,0.304595425382327,2.7174442509021475,0.8433825450239826,0.4810078417051699,LTC-USD,GARCH-t,0.025,2.9179162011564688,0.8931407364828832,,,
0.05,77,1448,0.0531767955801105,0.3016644126757626,0.5828408601689659,0.0026036162294076,0.959305087110978,0.3042680289051702,0.8588731716102188,2.231932640442328,0.8971800045932754,0.7547115748886005,LTC-USD,GARCH-t,0.05,2.679139379410913,0.9410469374710732,,,
0.01,15,1448,0.0103591160220994,0.0186430737486169,0.8913946884509993,0.31425155695797,0.5750829032526132,0.332894630706587,0.8466674221344378,7.30678960158864,0.2934048529048905,0.2569709203993875,LTC-USD,FHS,0.01,3.22594347181425,1.0469837855174366,,,
0.025,35,1448,0.024171270718232,0.0412456716763371,0.8390644499125153,1.7353052058273306,0.1877347893193388,1.7765508775036678,0.4113645647690729,2.896227774345864,0.821754154957411,0.4859997376807886,LTC-USD,FHS,0.025,2.9381175469735976,1.0560709554653955,,,
0.05,71,1448,0.0490331491712707,0.0286723759267717,0.8655377140724431,0.077615301476726,0.7805554747108441,0.1062876774034977,0.948243608542856,2.848196968469292,0.8276443745271923,0.7629544862809787,LTC-USD,FHS,0.05,2.693006768893428,1.0090073387241247,,,
0.01,16,1448,0.011049723756906,0.1558629960561939,0.6929942749535445,0.3577992092557451,0.5497310460604337,0.5136622053119391,0.7734988446340045,5.496724985505046,0.4818526231499701,0.2548838066544797,LTC-USD,GARCH-EVT,0.01,3.210623956282725,1.056855391977115,,,
0.025,35,1448,0.024171270718232,0.0412456716763371,0.8390644499125153,1.7353052058273306,0.1877347893193388,1.7765508775036678,0.4113645647690729,1.864707194768734,0.9317112877417496,0.4828059624154002,LTC-USD,GARCH-EVT,0.025,2.929957451407471,1.0321098224955398,,,
0.05,71,1448,0.0490331491712707,0.0286723759267717,0.8655377140724431,0.077615301476726,0.7805554747108441,0.1062876774034977,0.948243608542856,3.101310509332617,0.7960281303197196,0.7578927058261579,LTC-USD,GARCH-EVT,0.05,2.6870393396314425,1.0148656037935333,,,
0.01,37,1448,0.0255524861878453,24.73871195537748,6.565217502974008e-07,1.942066891076024,0.1634442899421361,26.680778846453507,1.608208995640403e-06,40.71587231696572,3.293822993244433e-07,0.2772028566611541,LTC-USD,RiskMetrics,0.01,3.530525317524394,1.2578473740575082,,,
0.025,51,1448,0.0352209944751381,5.517878878923696,0.0188230687761605,0.0236981253725048,0.8776555034103016,5.541577004296201,0.0626126150912915,12.315706184353235,0.0552851927992876,0.4843987298902339,LTC-USD,RiskMetrics,0.025,3.0133761721350525,1.3115642377165004,,,
0.05,72,1448,0.0497237569060773,0.0023303275209887,0.961498300946364,0.0520851517725304,0.8194738797452972,0.0544154792935192,0.9731590568054712,5.539319376086442,0.4767172207149401,0.74628931920333,LTC-USD,RiskMetrics,0.05,2.70002542294208,1.3099102995893286,,,
0.01,21,1448,0.0145027624309392,2.603369750031634,0.1066367641364083,0.6185356820899983,0.4315919566313853,3.2219054321216323,0.1996972686218396,11.11263812609917,0.0849569764935274,0.2698406170915403,LTC-USD,Hist,0.01,3.3238206567246924,1.0505576245173889,,,
0.025,41,1448,0.0283149171270718,0.6263998441425755,0.4286789580354658,0.0249652150949941,0.8744537687552381,0.6513650592375697,0.722034375578032,12.358318830497502,0.0544362202986052,0.4949488044375317,LTC-USD,Hist,0.025,2.9954763526010693,1.063833558387456,,,
0.05,72,1448,0.0497237569060773,0.0023303275209887,0.961498300946364,2.8988857322530066,0.0886408068458699,2.901216059773996,0.2344277056996062,12.44710464099459,0.0527061778444174,0.7722548930318814,LTC-USD,Hist,0.05,2.7363885697812607,1.0387053836626576,,,
0.01,86,1448,0.0593922651933701,167.0206563564194,0.0,1.6057867234794685,0.2050850716729927,168.62644307989888,0.0,424.5029747531536,0.0,0.3860010466250912,LTC-USD,Fixed-coefficient-control,0.01,5.229852776314073,1.401076042232064,,,
0.025,108,1448,0.074585635359116,96.21863838718735,0.0,5.7782274917260565,0.0162258963558482,101.9968658789134,0.0,204.1292004460529,0.0,0.5739214860774382,LTC-USD,Fixed-coefficient-control,0.025,3.806487717679422,1.4533226097520633,,,
0.05,140,1448,0.0966850828729281,52.81992154976743,3.655964420090641e-13,1.660981456041668,0.1974708617315945,54.4809030058091,1.477817868078546e-12,104.15023671026684,0.0,0.8022463478811062,LTC-USD,Fixed-coefficient-control,0.05,3.1149159967843514,1.476108844183669,,,
0.025,45,1448,0.0310773480662983,2.0392696703694817,0.1532832248510384,2.8892265931944507,0.0891737238292785,4.9284962635639324,0.0850727818525503,34.1959114189174,6.166023196918502e-06,0.546778106688436,LTC-USD,TCP,0.025,,,,,
0.025,45,1448,0.0310773480662983,2.0392696703694817,0.1532832248510384,2.8892265931944507,0.0891737238292785,4.9284962635639324,0.0850727818525503,34.19741382146778,6.161902953771836e-06,0.5467675134876772,LTC-USD,TCP-RM,0.025,,,,,
0.025,47,1448,0.0324585635359116,3.0251468050929944,0.0819829011202923,3.156307322906798,0.0756340866388869,6.1814541279997925,0.0454688835954032,42.90399901404137,1.218584710915849e-07,0.5528779195815593,LTC-USD,ACI-fixed,0.025,,,,,
0.025,92,1448,0.0635359116022099,62.257304309670005,2.997602166487923e-15,0.1470327256269001,0.7013872740741168,62.404337035296905,2.8088642523016464e-14,202.2171469928275,0.0,0.6339721496968064,LTC-USD,Reversed-sign-control,0.025,,,,,
0.025,46,1448,0.0317679558011049,2.5097541278688738,0.1131435831444552,3.021242479328805,0.0821804819567229,5.530996607197679,0.0629447259484572,37.175674681483336,1.6273397419608315e-06,0.5478426492804466,LTC-USD,CQR,0.025,,,,,
0.0163934426229508,23,1448,0.0158839779005524,0.0235491978671305,0.8780375198995622,0.7430098357455961,0.388698423028915,0.7665590336127266,0.6816223477542633,16.620377321521413,0.0107844884373115,0.4565653353386059,LTC-USD,CQR-1s-at-effective-level,0.025,,,,0.0163934426229508,60.0
0.0491803278688525,74,1448,0.0511049723756906,0.1133126907956816,0.7364037510245223,0.3977876036160523,0.5282340479114687,0.511100294411734,0.7744902970623138,51.00620762204374,2.953412292505675e-09,0.853586954442223,LTC-USD,CQR-1s-at-effective-level,0.05,,,,0.0491803278688525,58.0
0.01,66,1448,0.0455801104972375,99.06319150788649,0.0,6.489908905427569,0.0108488536533856,105.55310041331406,0.0,368.63523221594807,0.0,0.0745560355117816,N225,QR-base,0.01,,,,,
0.025,26,1448,0.0179558011049723,3.2634621206274588,0.070839415854975,0.4790543360916786,0.4888509760145182,3.742516456719138,0.1539298610013628,12.178521693289351,0.0581026648272706,0.1019783997334371,N225,CQR-1s,0.025,,,requested level; exchangeable split-conformal bound is listed in conformal_effective_levels.csv,,
0.025,122,1448,0.0842541436464088,130.17403806029796,0.0,1.4646550925065185,0.2261908968007869,131.63869315280448,0.0,303.2647618585714,0.0,0.1247209479499413,N225,QR-base,0.025,,,,,
0.05,86,1448,0.0593922651933701,2.5431544645041946,0.110773279300099,0.7166984923773043,0.3972290034127358,3.259852956881499,0.1959439797042561,42.47202252227708,1.483469889151934e-07,0.1661309123363761,N225,CQR-1s,0.05,,,requested level; exchangeable split-conformal bound is listed in conformal_effective_levels.csv,,
0.05,193,1448,0.1332872928176795,148.16316960161168,0.0,0.0808978234772439,0.7760843754258091,148.24406742508893,0.0,388.4373906635861,0.0,0.1973456399910609,N225,QR-base,0.05,,,,,
0.01,20,1448,0.0138121546961325,1.8998384497041696,0.1680964027659397,1.1785562439158357,0.2776501116749426,3.0783946936200053,0.2145532441781356,6.3311315272271065,0.3871365696573969,0.0493353727887056,N225,GARCH-t,0.01,1.570558786646593,1.14489594518817,,,
0.025,53,1448,0.0366022099447513,7.011388970885044,0.0080992820718378,1.837634890847312,0.1752284056543467,8.849023861732356,0.0119800569701707,16.066483648779933,0.0134015368552948,0.0951660819473415,N225,GARCH-t,0.025,1.298227146110809,1.0474563222657765,,,
0.05,93,1448,0.0642265193370165,5.683176427575184,0.0171283312669808,3.984346998968476,0.0459248985053145,9.66752342654366,0.0079565346987079,19.35595119142054,0.0036028718027389,0.1557746839782998,N225,GARCH-t,0.05,1.097562179142174,1.0635112159366462,,,
0.01,20,1448,0.0138121546961325,1.8998384497041696,0.1680964027659397,1.1785562439158357,0.2776501116749426,3.0783946936200053,0.2145532441781356,6.813061231330173,0.3384818425540397,0.0501715762053965,N225,FHS,0.01,1.5603617667102423,1.0865348489667763,,,
0.025,42,1448,0.0290055248618784,0.907142388716636,0.3408737656812514,0.4489186451166915,0.5028489203372898,1.3560610338333277,0.5076157491562492,7.669708519199517,0.2633134954540542,0.0936495672739239,N225,FHS,0.025,1.2676666482273742,1.083104299607852,,,
0.05,78,1448,0.0538674033149171,0.4452225819989959,0.5046124489016053,4.76303829474432,0.0290771772583241,5.208260876743315,0.0739674284784414,12.9806722549484,0.043343901759603,0.1550912738140969,N225,FHS,0.05,1.084635714735901,1.057862448768958,,,
0.01,19,1448,0.0131215469613259,1.2977494181043951,0.2546247278265576,1.3370018909185148,0.2475633835728097,2.63475130902291,0.2678372780013297,5.678324947197683,0.4601709445983468,0.0488487064875138,N225,GARCH-EVT,0.01,1.5235424397973585,1.1163425365705124,,,
0.025,39,1448,0.0269337016574585,0.2167539985727131,0.6415244174799324,0.7238744330338704,0.3948759581197757,0.9406284316065836,0.6248059135434099,10.177986506122132,0.117353972687108,0.0937995269687607,N225,GARCH-EVT,0.025,1.267696376453071,1.1112294763560868,,,
0.05,75,1448,0.0517955801104972,0.0971894399711388,0.755228846590973,5.659130517626522,0.0173647293958107,5.756319957597661,0.0562381470732983,14.445072604272408,0.0250409277865454,0.1546925974620963,N225,GARCH-EVT,0.05,1.0807837624402543,1.0665718854122537,,,
0.01,30,1448,0.0207182320441988,12.834376602027188,0.0003403088211956,0.2035323850074633,0.6518845882185059,13.037908987034651,0.0014752106386565,23.72376699310233,0.0005870106408599,0.0501079585124525,N225,RiskMetrics,0.01,1.571610953470095,1.1919603090638426,,,
0.025,52,1448,0.0359116022099447,6.2446856377301465,0.0124566488332507,0.0097188456233539,0.9214684109107308,6.2544044833535,0.0438402803430374,17.03882600006335,0.0091416072284929,0.0953297231222917,N225,RiskMetrics,0.025,1.2883511758874733,1.1706714999571066,,,
0.05,89,1448,0.06146408839779,3.745683062466412,0.0529440834948551,6.86607853169221,0.0087847211840207,10.611761594158622,0.0049623255011698,25.12040109854784,0.0003243634335948,0.1562435916478597,N225,RiskMetrics,0.05,1.0873534976354955,1.1392177394581005,,,
0.01,24,1448,0.0165745856353591,5.27706398029683,0.021608155698751,18.041147888466384,2.1618146934687665e-05,23.31821186876321,8.64001763223321e-06,160.65359856798133,0.0,0.0562171474752928,N225,Hist,0.01,1.7794423747614443,1.0937407786083158,,,
0.025,52,1448,0.0359116022099447,6.2446856377301465,0.0124566488332507,6.448738094332555,0.0111031176646263,12.6934237320627,0.0017525001279748,61.68129202776738,2.048516911656861e-11,0.1036140059800456,N225,Hist,0.025,1.4360697163006502,1.0472325104668787,,,
0.05,81,1448,0.055939226519337,1.0372205808864905,0.3084687734416099,7.723828215165213,0.0054496718075114,8.761048796051703,0.0125187920696341,46.59776296318215,2.2506182473236442e-08,0.1618360635853034,N225,Hist,0.05,1.174450570867998,1.0792961040574085,,,
0.01,94,1448,0.0649171270718232,197.11398827594027,0.0,7.006916967330085,0.0081195384282566,204.1209052432704,0.0,542.6670336394657,0.0,0.0726057827751064,N225,Fixed-coefficient-control,0.01,2.9744109605154807,1.2476424188665065,,,
0.025,131,1448,0.0904696132596685,153.8813370283385,0.0,7.226587899695573,0.0071831605878642,161.10792492803407,0.0,318.38748035896305,0.0,0.1184332243869568,N225,Fixed-coefficient-control,0.025,2.032555365114976,1.2766410792887868,,,
0.05,173,1448,0.1194751381215469,107.73876864447256,0.0,5.9801257851429455,0.0144679703148772,113.71889442961552,0.0,182.84835785751469,0.0,0.1751356426325901,N225,Fixed-coefficient-control,0.05,1.5166333338891864,1.3012445427129204,,,
0.025,44,1448,0.0303867403314917,1.614658832887228,0.2038381483494517,3.781742118826571,0.0518146864522504,5.396400951713799,0.0673265595631495,41.257098018116174,2.576838301626694e-07,0.0973528523814553,N225,TCP,0.025,,,,,
0.025,44,1448,0.0303867403314917,1.614658832887228,0.2038381483494517,3.781742118826571,0.0518146864522504,5.396400951713799,0.0673265595631495,41.21407866014329,2.6276426501326e-07,0.0973259779900813,N225,TCP-RM,0.025,,,,,
0.025,48,1448,0.0331491712707182,3.5845234368507306,0.0583201422222887,0.1038000555522558,0.7473162137819589,3.6883234924029855,0.1581578417504413,23.078552179947764,0.0007705917522777,0.0953271491699534,N225,ACI-fixed,0.025,,,,,
0.025,106,1448,0.0732044198895027,91.67781785799798,0.0,2.361613299518581,0.1243535266025345,94.03943115751656,0.0,268.79787527231827,0.0,0.1233298892051182,N225,Reversed-sign-control,0.025,,,,,
0.025,44,1448,0.0303867403314917,1.614658832887228,0.2038381483494517,3.781742118826571,0.0518146864522504,5.396400951713799,0.0673265595631495,41.090184434115336,2.779592472856862e-07,0.0972746204422988,N225,CQR,0.025,,,,,
0.0163934426229508,26,1448,0.0179558011049723,0.2126602856372663,0.6446902421413291,0.4790543360916786,0.4888509760145182,0.6917146217289449,0.7076134486545486,14.261363433421389,0.0268490227262138,0.0717062274353484,N225,CQR-1s-at-effective-level,0.025,,,,0.0163934426229508,60.0
0.0491803278688525,86,1448,0.0593922651933701,3.0369057680783555,0.0813909218692668,0.7166984923773043,0.3972290034127358,3.75360426045566,0.153078850097486,43.647205751472,8.68362413086743e-08,0.1641598220915638,N225,CQR-1s-at-effective-level,0.05,,,,0.0491803278688525,58.0
0.01,83,1448,0.0573204419889502,156.13660319771515,0.0,0.3383326681545213,0.5607932221156258,156.47493586586967,0.0,534.1235754230632,0.0,0.2365318458279947,NatGas,QR-base,0.01,,,,,
0.025,25,1448,0.0172651933701657,3.979452385479487,0.0460585349651412,0.8790888896625972,0.3484513466313161,4.858541275142084,0.0881010667625739,14.894875664105909,0.0210902943850286,0.3506795820335269,NatGas,CQR-1s,0.025,,,requested level; exchangeable split-conformal bound is listed in conformal_effective_levels.csv,,
0.025,144,1448,0.0994475138121546,190.50631344014184,0.0,0.1562229934780816,0.692657993363193,190.66253643361992,0.0,534.2091032201747,0.0,0.4010487744948123,NatGas,QR-base,0.025,,,,,
0.05,78,1448,0.0538674033149171,0.4452225819989959,0.5046124489016053,0.7667676890318944,0.3812188547247117,1.2119902710308903,0.5455312788813191,29.13166315781785,5.7443793231581886e-05,0.5001491491901178,NatGas,CQR-1s,0.05,,,requested level; exchangeable split-conformal bound is listed in conformal_effective_levels.csv,,
0.05,213,1448,0.1470994475138121,193.3775761961608,0.0,0.3014199725314483,0.5829935919826094,193.6789961686923,0.0,468.2199476518173,0.0,0.6273311277904765,NatGas,QR-base,0.05,,,,,
0.01,15,1448,0.0103591160220994,0.0186430737486169,0.8913946884509993,0.31425155695797,0.5750829032526132,0.332894630706587,0.8466674221344378,1.900952242434512,0.9285787695177294,0.1284714691770126,NatGas,GARCH-t,0.01,2.49769792076898,0.9395728107115372,,,
0.025,29,1448,0.0200276243093922,1.5743860668031004,0.2095711920800566,1.1862604168443909,0.2760851743817475,2.760646483647492,0.2514972454911615,4.6608781066869005,0.587983326164194,0.2674353746482512,NatGas,GARCH-t,0.025,2.3070883270936804,0.9748669205571062,,,
0.05,70,1448,0.048342541436464,0.0846368027744226,0.7711094073588209,0.7250237825218164,0.3945009452577499,0.8096605852962391,0.6670900113320155,4.828907388653914,0.5659370533266816,0.4560230018282514,NatGas,GARCH-t,0.05,2.14571773309461,0.9727637691859364,,,
0.01,17,1448,0.0117403314917127,0.41956107415412,0.5171561409994261,0.4042053253777169,0.5249254042640059,0.823766399531837,0.6624016402005904,2.3681817572817305,0.8829187150785216,0.1309882233662553,NatGas,FHS,0.01,2.5303800199529287,1.0184447874996796,,,
0.025,40,1448,0.0276243093922651,0.3958640892072997,0.5292329808102174,2.2746490350106683,0.1315048915152568,2.670513124217968,0.2630906676998737,4.747730381662854,0.5765515487432677,0.2675026656268374,NatGas,FHS,0.025,2.3110320286919928,1.0075490750516447,,,
0.05,78,1448,0.0538674033149171,0.4452225819989959,0.5046124489016053,0.4240089151867323,0.5149434216408328,0.8692314971857282,0.6475134272273066,5.389513362705276,0.4949097876629993,0.4580049799894338,NatGas,FHS,0.05,2.152073549695433,1.00470531980197,,,
0.01,18,1448,0.0124309392265193,0.8023717765164502,0.3703851920825057,0.4534759530334327,0.5006888850824682,1.2558477295498829,0.533698682225503,2.44143227174737,0.8749638823678968,0.1290826994491948,NatGas,GARCH-EVT,0.01,2.5176328947131665,1.0216462112236768,,,
0.025,36,1448,0.0248618784530386,0.001135344243106,0.9731204700493534,1.8371943910791515,0.1752801380566826,1.8383297353222576,0.398851996234835,4.097439223204057,0.663492027929746,0.2670661824143491,NatGas,GARCH-EVT,0.025,2.308327194804341,1.0319010044318773,,,
0.05,74,1448,0.0511049723756906,0.0369632123062966,0.8475399655506343,1.110200893785418,0.292038282859455,1.1471641060917146,0.5635033204089914,4.367797824495572,0.6270342381854921,0.4557948917182504,NatGas,GARCH-EVT,0.05,2.1477416428413525,1.018153194443164,,,
0.01,19,1448,0.0131215469613259,1.2977494181043951,0.2546247278265576,0.5056171598816093,0.4770423341853647,1.8033665779860044,0.4058858611842206,5.335330213463596,0.5015782894066723,0.1288737440906897,NatGas,RiskMetrics,0.01,2.4783422079987503,1.047879304349964,,,
0.025,37,1448,0.0255524861878453,0.0180041497750027,0.8932606018943272,0.0031779243077494,0.9550446007668651,0.0211820740827521,0.9894648505150232,3.172984565123034,0.7868432855707586,0.2680899440498495,NatGas,RiskMetrics,0.025,2.293539426546864,1.0617987733547656,,,
0.05,63,1448,0.0435082872928176,1.3410697774007474,0.2468453989116327,0.2409957702725478,0.6234878403233723,1.5820655476732952,0.4533763182089625,4.143858528377892,0.6572155247518805,0.4569329320313545,NatGas,RiskMetrics,0.05,2.1386395271855223,1.06863871095496,,,
0.01,22,1448,0.0151933701657458,3.403576713327679,0.0650552135483358,0.6793252333395401,0.409819174441663,4.082901946667219,0.1298401794964182,12.83575400516164,0.0457196103692835,0.1515754792543895,NatGas,Hist,0.01,2.7391678311352043,1.0428264297119645,,,
0.025,41,1448,0.0283149171270718,0.6263998441425755,0.4286789580354658,0.5324740414386611,0.4655685743348429,1.1588738855812366,0.560213710147125,7.546066022511868,0.2732801678753727,0.3008980864643107,NatGas,Hist,0.025,2.491160384032452,1.0470854287691305,,,
0.05,81,1448,0.055939226519337,1.0372205808864905,0.3084687734416099,0.4879483409669092,0.4848439326944531,1.5251689218533997,0.4664593219324249,7.365685735611103,0.2883481116187107,0.4763682824973135,NatGas,Hist,0.05,2.2459861929248977,1.0019810537304012,,,
0.01,69,1448,0.0476519337016574,108.52497728802584,0.0,0.6408496764057645,0.4234032844418909,109.1658269644316,0.0,224.39431374079447,0.0,0.1763845030046948,NatGas,Fixed-coefficient-control,0.01,3.277740791310989,1.1654457902426771,,,
0.025,116,1448,0.080110497237569,115.16926224191292,0.0,0.7248713051529876,0.3945506664810997,115.8941335470659,0.0,195.98498801115355,0.0,0.3185704331027126,NatGas,Fixed-coefficient-control,0.025,2.7466952447890334,1.1679934024686562,,,
0.05,174,1448,0.1201657458563535,109.63938063690024,0.0,0.233904168985191,0.6286439359265819,109.87328480588542,0.0,156.79645315707978,0.0,0.5062537920114206,NatGas,Fixed-coefficient-control,0.05,2.43056253915909,1.161505754529917,,,
0.025,29,1448,0.0200276243093922,1.5743860668031004,0.2095711920800566,1.1862604168443909,0.2760851743817475,2.760646483647492,0.2514972454911615,18.16046708616975,0.005843446343413,0.3109133851596113,NatGas,TCP,0.025,,,,,
0.025,30,1448,0.0207182320441988,1.1554836524940892,0.2824041642492017,1.2703842580802984,0.2596946057288667,2.425867910574388,0.2973236641460478,17.122123818469174,0.0088447462768437,0.3108931236585719,NatGas,TCP-RM,0.025,,,,,
0.025,38,1448,0.0262430939226519,0.0903510265693587,0.7637313714970508,2.049929170418693,0.1522132709960449,2.140280196988052,0.3429604658080359,22.57599098192185,0.0009516662680056,0.312741000037775,NatGas,ACI-fixed,0.025,,,,,
0.025,133,1448,0.0918508287292817,159.33734497854445,0.0,0.0050292687183173,0.9434635450103354,159.34237424726277,0.0,457.7685109367181,0.0,0.3956591659259804,NatGas,Reversed-sign-control,0.025,,,,,
0.025,30,1448,0.0207182320441988,1.1554836524940892,0.2824041642492017,1.2703842580802984,0.2596946057288667,2.425867910574388,0.2973236641460478,17.449059269649023,0.0077671286982005,0.3096604292015119,NatGas,CQR,0.025,,,,,
0.0163934426229508,25,1448,0.0172651933701657,0.0670847183042879,0.7956297021177067,0.8790888896625972,0.3484513466313161,0.9461736079668852,0.6230759833528299,17.30005689061862,0.0082415020193575,0.2488316565569662,NatGas,CQR-1s-at-effective-level,0.025,,,,0.0163934426229508,60.0
0.0491803278688525,78,1448,0.0538674033149171,0.6607060021825539,0.4163108085752559,0.7667676890318944,0.3812188547247117,1.4274736912144483,0.4898104273930762,29.815739275783944,4.2608997698145856e-05,0.4939256630913151,NatGas,CQR-1s-at-effective-level,0.05,,,,0.0491803278688525,58.0
0.01,78,1448,0.0538674033149171,138.51183053842385,0.0,6.698406422136259,0.0096499121415011,145.2102369605601,0.0,623.7541791020698,0.0,0.0890820387642641,SP500,QR-base,0.01,,,,,
0.025,31,1448,0.0214088397790055,0.8046706933727723,0.3697005675986389,0.1543582086362107,0.694404810567159,0.959028902008983,0.6190839144137905,6.128907636368347,0.4089059117091727,0.1041947081999326,SP500,CQR-1s,0.025,,,requested level; exchangeable split-conformal bound is listed in conformal_effective_levels.csv,,
0.025,120,1448,0.0828729281767955,125.09937858729654,0.0,0.1112019390084242,0.738779872928871,125.21058052630497,0.0,344.6327766250544,0.0,0.1386414993843685,SP500,QR-base,0.025,,,,,
0.05,73,1448,0.0504143646408839,0.0052204385228151,0.9424008840321332,2.6880393832921072,0.1011041488341325,2.693259821814922,0.2601153972365002,18.13109431041287,0.0059128004827134,0.1660824278633023,SP500,CQR-1s,0.05,,,requested level; exchangeable split-conformal bound is listed in conformal_effective_levels.csv,,
0.05,181,1448,0.125,123.30590400595705,0.0,0.3134232686700215,0.5755870888296815,123.61932727462708,0.0,289.29404854672646,0.0,0.1946372914182062,SP500,QR-base,0.05,,,,,
0.01,22,1448,0.0151933701657458,3.403576713327679,0.0650552135483358,0.90092285587383,0.3425343800635679,4.304499569201509,0.1162223880822294,13.535256807253806,0.0352811022234391,0.0452264221288938,SP500,GARCH-t,0.01,1.5240635435729415,1.1537709199945685,,,
0.025,56,1448,0.0386740331491712,9.543763450636682,0.0020062994362934,0.0143102355234532,0.9047799005708438,9.558073686160135,0.0084040895276107,16.32677793443786,0.0121034469563297,0.0870797151236106,SP500,GARCH-t,0.025,1.214932035267527,1.0216140806911589,,,
0.05,109,1448,0.0752762430939226,16.975418840907466,3.786691361817862e-05,0.0864350772744728,0.76875910250421,17.06185391818194,0.0001972720220509,33.70233046617444,7.678843131242452e-06,0.1445142661077132,SP500,GARCH-t,0.05,0.9916447173626932,1.0097397411736255,,,
0.01,21,1448,0.0145027624309392,2.603369750031634,0.1066367641364083,1.0335295361497003,0.309331120410654,3.6368992861813343,0.1622771435000779,14.727126310957694,0.0224886089257577,0.0465592565579885,SP500,FHS,0.01,1.505179217505438,1.01834790208055,,,
0.025,36,1448,0.0248618784530386,0.001135344243106,0.9731204700493534,0.0123409786015145,0.911545012402941,0.0134763228446205,0.9932844890845554,2.616995784695696,0.8551510585500511,0.086782085896968,SP500,FHS,0.025,1.1828226844044156,1.014528600776383,,,
0.05,78,1448,0.0538674033149171,0.4452225819989959,0.5046124489016053,0.1595005609611917,0.6896167548628127,0.6047231429601876,0.7390707896535833,3.9996359356838567,0.6767256869302691,0.142130623439472,SP500,FHS,0.05,0.9553836376775032,0.9380838315549024,,,
0.01,16,1448,0.011049723756906,0.1558629960561939,0.6929942749535445,1.90560921955543,0.1674518104209007,2.061472215611624,0.3567442616579648,12.124490602558488,0.0592485026882153,0.0461521718498186,SP500,GARCH-EVT,0.01,1.482375331819785,1.0582416322534445,,,
0.025,34,1448,0.0234806629834254,0.1399220616151435,0.7083585058758617,0.0493124017936565,0.8242640941099519,0.1892344634088001,0.9097210802217502,3.775805666962924,0.7069851581983025,0.0870740140938109,SP500,GARCH-EVT,0.025,1.180124880902401,1.0421510747884415,,,
0.05,74,1448,0.0511049723756906,0.0369632123062966,0.8475399655506343,0.0134194555090516,0.9077774673257428,0.0503826678153482,0.975123320022929,1.7508102462321724,0.9411316124264048,0.1415611144007808,SP500,GARCH-EVT,0.05,0.9537851865854317,0.9450158258180636,,,
0.01,37,1448,0.0255524861878453,24.73871195537748,6.565217502974008e-07,0.0031779243077494,0.9550446007668651,24.741889879685232,4.24000995924434e-06,50.44402237065482,3.829595307536238e-09,0.0513056973891319,SP500,RiskMetrics,0.01,1.7925753464014904,1.185154558807397,,,
0.025,57,1448,0.0393646408839779,10.46306679480395,0.0012178492780069,0.0300801527944258,0.8623084881805373,10.493146947598376,0.0052655299994526,25.0061283105257,0.0003405636312183,0.0946715156514424,SP500,RiskMetrics,0.025,1.3269253502675502,1.2161203667101017,,,
0.05,88,1448,0.0607734806629834,3.3205551230336745,0.0684187231369014,0.0860518900852866,0.7692576776799822,3.406607013118961,0.1820810235628093,12.869777596323498,0.0451511332947989,0.1508132048160749,SP500,RiskMetrics,0.05,1.0432519235762128,1.2031228125287752,,,
0.01,27,1448,0.018646408839779,8.715364104565456,0.0031553939242419,10.557458480098546,0.0011572019657137,19.272822584664,6.53070024519975e-05,156.15395084890682,0.0,0.0654386779143693,SP500,Hist,0.01,1.9261140640511163,1.1760878988631631,,,
0.025,50,1448,0.0345303867403314,4.831721958986961,0.0279407108115172,4.543777395248071,0.0330386082829715,9.375499354235032,0.0092073824442477,119.02443827006714,0.0,0.1185034417488854,SP500,Hist,0.025,1.5504126901912036,1.199656716274125,,,
0.05,78,1448,0.0538674033149171,0.4452225819989959,0.5046124489016053,6.698406422136259,0.0096499121415011,7.143629004135255,0.028104811147976,84.24190015583271,4.440892098500626e-16,0.177201345558757,SP500,Hist,0.05,1.2571077692722308,1.183466874202951,,,
0.01,92,1448,0.0635359116022099,189.44941455581628,0.0,0.2447350598442881,0.620806928229829,189.69414961566056,0.0,463.5027526071135,0.0,0.0714427192072618,SP500,Fixed-coefficient-control,0.01,3.4192360221416656,1.291720149097338,,,
0.025,124,1448,0.0856353591160221,135.3203074260013,0.0,0.5994964210724447,0.4387702287788586,135.91980384707375,0.0,260.39006005222546,0.0,0.112699360478037,SP500,Fixed-coefficient-control,0.025,2.125331046528339,1.3313576328029215,,,
0.05,160,1448,0.1104972375690607,84.25042307103004,0.0,4.453082908260853,0.0348382996738078,88.7035059792909,0.0,138.03463800050258,0.0,0.1631279407295044,SP500,Fixed-coefficient-control,0.05,1.473855803021896,1.351761127604716,,,
0.025,49,1448,0.0338397790055248,4.186998321430412,0.0407351622183936,0.9499027194198106,0.3297440604814209,5.136901040850223,0.076654227612367,23.08790353155438,0.0007675656158443,0.1045788672242225,SP500,TCP,0.025,,,,,
0.025,48,1448,0.0331491712707182,3.5845234368507306,0.0583201422222887,1.0730144426054835,0.3002655459882472,4.657537879456214,0.0974155977749713,22.91467962896968,0.0008255639953098,0.1045350192768378,SP500,TCP-RM,0.025,,,,,
0.025,55,1448,0.0379834254143646,8.661613072239007,0.0032498348055494,0.7517641599827698,0.3859182614549463,9.413377232221777,0.0090346452822658,27.49856837881149,0.0001167522987093,0.103222184364582,SP500,ACI-fixed,0.025,,,,,
0.025,103,1448,0.0711325966850828,85.0197309265568,0.0,0.4144526446268628,0.5197181267205073,85.43418357118367,0.0,270.37767228120885,0.0,0.1353714224882963,SP500,Reversed-sign-control,0.025,,,,,
0.025,50,1448,0.0345303867403314,4.831721958986961,0.0279407108115172,0.8351719791651249,0.3607812480611263,5.666893938152086,0.0588097883687278,23.41715862691884,0.0006681490132949,0.1046694952691231,SP500,CQR,0.025,,,,,
0.0163934426229508,31,1448,0.0214088397790055,2.061698019307148,0.1510417782157951,0.1543582086362107,0.694404810567159,2.2160562279433584,0.3302094549251302,10.453926534188842,0.1067922335069356,0.0735688380377758,SP500,CQR-1s-at-effective-level,0.025,,,,0.0163934426229508,60.0
0.0491803278688525,73,1448,0.0504143646408839,0.0467864315883348,0.8287525729145352,2.6880393832921072,0.1011041488341325,2.734825814880442,0.2547652088860825,18.466181561089986,0.0051669106715436,0.1641929671617334,SP500,CQR-1s-at-effective-level,0.05,,,,0.0491803278688525,58.0
0.01,79,1448,0.0545580110497237,141.98385203193135,0.0,6.358742676260931,0.0116804286380651,148.34259470819228,0.0,553.6965275413366,0.0,0.2128574876984654,WTI,QR-base,0.01,,,,,
0.025,25,1448,0.0172651933701657,3.979452385479487,0.0460585349651412,3.20075434062926,0.073604313542408,7.1802067261087466,0.0275954779229452,22.75328173558112,0.0008834646660242,0.2818843837978513,WTI,CQR-1s,0.025,,,requested level; exchangeable split-conformal bound is listed in conformal_effective_levels.csv,,
0.025,136,1448,0.0939226519337016,167.6452733179236,0.0,1.566811331962981,0.2106706905143249,169.21208464988658,0.0,420.4661251937983,0.0,0.3357603789020311,WTI,QR-base,0.025,,,,,
0.05,82,1448,0.0566298342541436,1.2872760675127957,0.2565505441784493,1.178723494190308,0.2776160200308281,2.465999561703104,0.2914170778136791,20.39395476389985,0.0023557591879458,0.3960163724435098,WTI,CQR-1s,0.05,,,requested level; exchangeable split-conformal bound is listed in conformal_effective_levels.csv,,
0.05,179,1448,0.1236187845303867,119.33712538740195,0.0,0.8405101372773061,0.3592509120681512,120.17763552467926,0.0,269.9782970660898,0.0,0.4622232853866211,WTI,QR-base,0.05,,,,,
0.01,26,1448,0.0179558011049723,7.489889438121221,0.0062046365505352,2.9406770129540405,0.08637452351865,10.43056645107526,0.0054328945240833,22.47137300949514,0.0009943087423085,0.1268365925494143,WTI,GARCH-t,0.01,2.5174628955282503,1.091780146371832,,,
0.025,49,1448,0.0338397790055248,4.186998321430412,0.0407351622183936,0.9499027194198106,0.3297440604814209,5.136901040850223,0.076654227612367,7.832976708884499,0.2505970719124697,0.2278673117703414,WTI,GARCH-t,0.025,2.154064926095851,1.1052139732053543,,,
0.05,97,1448,0.066988950276243,7.988478252113495,0.0047075966224315,0.0428187452256452,0.836066941797653,8.03129699733914,0.0180312575118959,11.63571268818783,0.0706068372142618,0.3528939019887127,WTI,GARCH-t,0.05,1.891753214310844,1.069833720897557,,,
0.01,18,1448,0.0124309392265193,0.8023717765164502,0.3703851920825057,5.576025667928718,0.0182079974120121,6.378397444445168,0.0412048742649557,21.478205690549377,0.0015046892322101,0.1247087254901461,WTI,FHS,0.01,2.4481516141243262,1.0505357750680586,,,
0.025,34,1448,0.0234806629834254,0.1399220616151435,0.7083585058758617,1.357500587836796,0.2439711216115299,1.4974226494519396,0.4729756722321281,5.0888154405729455,0.5324734581409909,0.2282126141123553,WTI,FHS,0.025,2.1335632271363534,1.1064272403545747,,,
0.05,75,1448,0.0517955801104972,0.0971894399711388,0.755228846590973,1.1132958249095282,0.2913666298835823,1.210485264880667,0.5459419473415077,4.757936640147659,0.5752131456097429,0.3528166526886271,WTI,FHS,0.05,1.872775848745557,1.0265612671784483,,,
0.01,17,1448,0.0117403314917127,0.41956107415412,0.5171561409994261,6.01800977031931,0.0141606070068067,6.43757084447343,0.040003616268717,22.05610463191715,0.0011828506411644,0.1223553341150418,WTI,GARCH-EVT,0.01,2.441083017470722,1.045452366632094,,,
0.025,31,1448,0.0214088397790055,0.8046706933727723,0.3697005675986389,1.8586530966107944,0.172780332733491,2.6633237899835667,0.264038092890797,5.446644453758541,0.4879287611380674,0.2274622871510913,WTI,GARCH-EVT,0.025,2.132509611355317,1.1221208225822954,,,
0.05,71,1448,0.0490331491712707,0.0286723759267717,0.8655377140724431,1.6860522367414887,0.1941221898045272,1.7147246126682605,0.4242797276168831,4.59581980176747,0.5965931635233443,0.3543510779254659,WTI,GARCH-EVT,0.05,1.8757775214250625,1.0312669911613903,,,
0.01,38,1448,0.0262430939226519,26.67417524018185,2.408187299574039e-07,2.8235690784142093,0.0928896457289552,29.49774431859605,3.93229604878087e-07,57.79234557586944,1.2625200884741616e-10,0.135011055516687,WTI,RiskMetrics,0.01,2.8657858056719614,1.3136849060817208,,,
0.025,51,1448,0.0352209944751381,5.517878878923696,0.0188230687761605,0.7286113594451535,0.393333671565627,6.24649023836885,0.0440141053991478,10.279249644046208,0.1133741586049076,0.2334353025247012,WTI,RiskMetrics,0.025,2.2707527877958023,1.3235055200381012,,,
0.05,81,1448,0.055939226519337,1.0372205808864905,0.3084687734416099,2.4814084695372003,0.1151990499036625,3.518629050423691,0.172162836668719,13.838593551660756,0.0314920596440659,0.3581309198315613,WTI,RiskMetrics,0.05,1.9337482648837467,1.29058561673465,,,
0.01,23,1448,0.0158839779005524,4.296126622875967,0.0381992792862719,3.772635392482728,0.0520974884961298,8.068762015358693,0.0176966308022016,26.57039703403565,0.0001742517532904,0.1552076834496286,WTI,Hist,0.01,2.735042015994368,1.1076219096883655,,,
0.025,44,1448,0.0303867403314917,1.614658832887228,0.2038381483494517,13.440526562178206,0.0002462464959405,15.055185395065434,0.000538031904491,65.00671285261177,4.300337863583081e-12,0.253860456259374,WTI,Hist,0.025,2.3151431399460485,1.0638194539189425,,,
0.05,81,1448,0.055939226519337,1.0372205808864905,0.3084687734416099,5.7109474290432445,0.0168594380208513,6.748168009929735,0.0342494762978383,75.86249685248539,2.55351295663786e-14,0.3951352375020536,WTI,Hist,0.05,2.0474268725731246,1.050250306468994,,,
0.01,81,1448,0.055939226519337,149.00791376312097,0.0,0.4879483409669092,0.4848439326944531,149.49586210408788,0.0,343.9832393556326,0.0,0.1769616250072753,WTI,Fixed-coefficient-control,0.01,4.488002961389004,1.4333398690296042,,,
0.025,126,1448,0.0870165745856353,140.53713801666447,0.0,8.773722083788016e-05,0.9925264723146766,140.5372257538853,0.0,250.6458240818962,0.0,0.2679091387490275,WTI,Fixed-coefficient-control,0.025,3.063473953427512,1.3794343171186836,,,
0.05,171,1448,0.1180939226519337,103.97699880164797,0.0,0.0942987965620432,0.7587816498808555,104.07129759821,0.0,158.90733066818947,0.0,0.3825552694850933,WTI,Fixed-coefficient-control,0.05,2.3876282467328447,1.3406103883226808,,,
0.025,56,1448,0.0386740331491712,9.543763450636682,0.0020062994362934,1.3659403996605306,0.2425106056375271,10.909703850297213,0.0042755098303249,28.45884502734509,7.69920091882037e-05,0.26097051056911,WTI,TCP,0.025,,,,,
0.025,56,1448,0.0386740331491712,9.543763450636682,0.0020062994362934,1.3659403996605306,0.2425106056375271,10.909703850297213,0.0042755098303249,28.466133024602644,7.674851803718408e-05,0.2609393239345434,WTI,TCP-RM,0.025,,,,,
0.025,52,1448,0.0359116022099447,6.2446856377301465,0.0124566488332507,0.6300230937487754,0.4273468430870579,6.874708731478922,0.0321496290734131,34.71602273956879,4.891245426241753e-06,0.253814090249223,WTI,ACI-fixed,0.025,,,,,
0.025,126,1448,0.0870165745856353,140.53713801666447,0.0,1.624295477449209,0.2024938832698087,142.16143349411368,0.0,371.8870442308438,0.0,0.3247295180280771,WTI,Reversed-sign-control,0.025,,,,,
0.025,57,1448,0.0393646408839779,10.46306679480395,0.0012178492780069,1.2261722843018674,0.2681527311502292,11.689239079105818,0.0028954361020742,30.50069175367909,3.1564262788719155e-05,0.2621535188230916,WTI,CQR,0.025,,,,,
0.0163934426229508,25,1448,0.0172651933701657,0.0670847183042879,0.7956297021177067,3.20075434062926,0.073604313542408,3.267839058933548,0.1951631254280637,29.179265543602117,5.626366947042438e-05,0.2037815503182463,WTI,CQR-1s-at-effective-level,0.025,,,,0.0163934426229508,60.0
0.0491803278688525,82,1448,0.0566298342541436,1.6418934293921978,0.2000658799330672,1.178723494190308,0.2776160200308281,2.820616923582506,0.2440679858927541,21.080290342714765,0.0017746575536137,0.3916877837840166,WTI,CQR-1s-at-effective-level,0.05,,,,0.0491803278688525,58.0
