t,date,mu,omega,alpha,beta,nu,persist,optimizer_converged,optimizer_flag,start_used,n_fit,loglik,n_starts_tried,degenerate,status,carried_forward,near_unit_persistence
272,2019-01-23,0.014161340267421241,0.3626668135636081,0.24301456678686142,0.23153023816711663,6.493205515253038,0.47454480495397805,1,0,4,272,-317.80664794589825,4,0,accepted,0,0
297,2019-03-01,0.01177100611585831,0.3508340457580597,0.20865342454352198,0.2747280282077143,6.964322611135291,0.4833814527512363,1,0,1,297,-348.8996299877139,5,0,accepted,0,0
322,2019-04-08,0.03455595598261166,0.33584168010346477,0.21055867744971782,0.2708052932372789,7.20859306076137,0.48136397068699677,1,0,2,322,-371.20820849716165,5,0,accepted,0,0
347,2019-05-24,0.026276077139178056,0.2984477381214569,0.18307447969483498,0.35177183096427384,6.641899866609065,0.5348463106591088,1,0,1,347,-397.6461873999313,5,0,accepted,0,0
372,2019-07-02,0.03572853196688497,0.2825798462213471,0.18210183136563193,0.36137706797441077,6.643826080061141,0.5434788993400427,1,0,2,372,-419.9113242904528,5,0,accepted,0,0
397,2019-08-08,0.03017249227843499,0.30727138158398304,0.2013407458525533,0.3178761038416891,6.344757628834535,0.5192168496942424,1,0,1,397,-451.6685683716059,5,0,accepted,0,0
422,2019-09-18,0.03376556920250079,0.24704904445523024,0.17719696889655326,0.43131950208958386,7.049542136712786,0.6085164709861371,1,0,4,422,-481.29116497555833,5,0,accepted,0,0
447,2019-10-29,0.03629444722334488,0.2871605973901907,0.16893495966935193,0.38135422180866135,6.361448322794152,0.5502891814780133,1,0,2,447,-511.7140616119542,5,0,accepted,0,0
472,2019-12-05,0.029706685895615363,0.29196820694696257,0.1618118701676879,0.37643417788000116,6.690971065018757,0.538246048047689,1,0,2,472,-540.286876557391,5,0,accepted,0,0
497,2020-01-22,0.03872671122388569,0.3151579353601351,0.180449603884768,0.3184710674338963,6.570983012400696,0.4989206713186643,1,0,5,497,-565.7195738698043,5,0,accepted,0,0
522,2020-03-02,0.03345304810012534,0.18308504988491936,0.16062426559599902,0.5894374831734706,5.513244915686158,0.7500617487694696,1,0,2,522,-615.2160932815445,5,0,accepted,0,0
547,2020-04-07,0.03400677632556647,0.05999374237423129,0.1288248443067202,0.8142985348461644,4.895553211297878,0.9431233791528846,1,0,3,547,-690.1004073877224,5,0,accepted,0,0
572,2020-05-27,0.035813175392269345,0.0469961584032754,0.10979487527167937,0.8464911346215561,4.94427617488873,0.9562860098932355,1,0,4,572,-741.6246433098893,5,0,accepted,0,0
597,2020-07-02,0.03476510800694702,0.036783521592221785,0.09764973268125796,0.8710151062229535,4.932029231323541,0.9686648389042115,1,0,1,597,-791.687501702537,5,0,accepted,0,0
622,2020-08-12,0.03332241898747865,0.031533095369793394,0.09146101065562269,0.8828691005435947,5.117590829318647,0.9743301111992174,1,0,2,622,-834.786556528989,5,0,accepted,0,0
647,2020-09-18,0.030271106879803923,0.030154209558513636,0.09259441169100074,0.882834383905069,5.431310665882818,0.9754287955960697,1,0,2,647,-876.2258778740047,5,0,accepted,0,0
672,2020-10-28,0.02402392109583501,0.029705799816923402,0.09106529016016601,0.8846141156606648,5.61131384820248,0.9756794058208309,1,0,2,672,-912.6520956497658,5,0,accepted,0,0
697,2020-12-07,0.030692773897477484,0.030198821294165734,0.09340805191329221,0.8845756368671562,5.338215905244943,0.9779836887804485,1,0,4,697,-960.988531628242,5,0,accepted,0,0
722,2021-01-21,0.03183409150974911,0.031082814437880364,0.0895832830202531,0.8871876493193694,5.154166871302891,0.9767709323396225,1,0,3,722,-997.026698650551,5,0,accepted,0,0
747,2021-03-02,0.028589526931850108,0.029985896750134376,0.08477195533642781,0.8933452632386566,5.0498201139081,0.9781172185750844,1,0,2,747,-1033.7500281660293,5,0,accepted,0,0
772,2021-04-08,0.038546448698227036,0.032887163012606295,0.08500049832894085,0.8895340933183636,5.009151971743648,0.9745345916473045,1,0,2,750,-1041.939773062625,5,0,accepted,0,0
797,2021-05-19,0.0395792438526525,0.027226548148629157,0.06830349883635183,0.9088825570460309,4.905199940686348,0.9771860558823827,1,0,2,750,-1052.7272549342515,5,0,accepted,0,0
822,2021-06-25,0.0517923268341101,0.02435717578264685,0.0664851982346139,0.9144923860758581,4.549934437503953,0.980977584310472,1,0,4,750,-1038.8501401883473,5,0,accepted,0,0
847,2021-08-04,0.05480691527630797,0.02751680626118749,0.06990205004101906,0.908429517652923,4.720098428906722,0.978331567693942,1,0,1,750,-1041.371099444592,5,0,accepted,0,0
872,2021-09-13,0.0382210614670256,0.026985071211171652,0.07343477527235766,0.9059162270957496,4.560824177987285,0.9793510023681072,1,0,2,750,-1035.2120672952678,5,0,accepted,0,0
897,2021-10-20,0.0418383963281933,0.026209107231351562,0.07159515418219567,0.9068325256656152,4.7723793452078365,0.9784276798478109,1,0,3,750,-1031.5709414333176,5,0,accepted,0,0
922,2021-11-29,0.035799509603966814,0.025034185006073423,0.07494155909162413,0.9070415798322868,4.448232171732068,0.981983138923911,1,0,1,750,-1028.6780147949962,5,0,accepted,0,0
947,2022-01-11,0.05365481227597207,0.024690861777887714,0.07549305416393393,0.9064253110344922,4.496708494263407,0.9819183651984261,1,0,3,750,-1035.803262040827,5,0,accepted,0,0
972,2022-02-17,0.06544772641280713,0.025688839229356303,0.07967550246723637,0.9026778858839051,4.428430052830346,0.9823533883511415,1,0,2,750,-1038.6636133411141,5,0,accepted,0,0
997,2022-03-29,0.0690632229242338,0.03580436284497014,0.10323756099774399,0.8742331739565773,4.358034909623086,0.9774707349543212,1,0,3,750,-1058.1714375222834,5,0,accepted,0,0
1022,2022-05-12,0.06868787337494005,0.044833383948641524,0.12434955405599155,0.8499450136845739,4.453233342502063,0.9742945677405654,1,0,3,750,-1051.1562376455915,5,0,accepted,0,0
1047,2022-06-22,0.07229426721122517,0.04617809337750917,0.13173039219965524,0.8473001437515015,4.401521088052322,0.9790305359511567,1,0,2,750,-1064.710311596216,5,0,accepted,0,0
1072,2022-07-29,0.05984120020526232,0.05255430902264388,0.13771319004016777,0.8396952841492402,4.286676731707639,0.977408474189408,1,0,2,750,-1080.6054905116812,5,0,accepted,0,0
1097,2022-09-07,0.06677302850669281,0.06181344371025878,0.17321776026552665,0.8021749620309884,4.481476705601571,0.9753927222965151,1,0,4,750,-1078.758888229862,5,0,accepted,0,0
1122,2022-10-17,0.053141336361422584,0.0650553314372304,0.16997522268272194,0.8039700994579596,4.525384225100435,0.9739453221406815,1,0,2,750,-1095.9595953075184,5,0,accepted,0,0
1147,2022-11-22,0.06769597396724776,0.06705197868029475,0.17426535677390878,0.7970076575893084,4.497163110889316,0.9712730143632171,1,0,5,750,-1092.1779458838332,5,0,accepted,0,0
1172,2023-01-04,0.06399154858479938,0.0651853197944127,0.17025408640697756,0.804712382439851,4.2769556289112245,0.9749664688468286,1,0,2,750,-1087.2944636116026,5,0,accepted,0,0
1197,2023-02-10,0.07171400777014722,0.060488508573019156,0.1804171557799976,0.7978618821202779,4.433195022425296,0.9782790379002755,1,0,1,750,-1079.6517077376695,5,0,accepted,0,0
1222,2023-03-22,0.07265445698464272,0.06472299721117045,0.20419647955104606,0.7820925477044876,4.2474527427121185,0.9862890272555336,1,0,2,750,-1083.8358681324632,5,0,accepted,0,0
1247,2023-04-28,0.07454281088693862,0.06168433114611758,0.2173483272632941,0.7719598070218102,4.201532611104406,0.9893081342851043,1,0,1,750,-1080.245543565522,5,0,accepted,0,0
1272,2023-06-12,0.0694159990347978,0.05961236143487374,0.19776247227721544,0.77900843343905,4.389102479871087,0.9767709057162655,1,0,2,750,-1060.6971364427327,5,0,accepted,0,0
1297,2023-07-20,0.06798936280836114,0.07008546570162139,0.2101020321156182,0.7563675849943524,4.492841724280851,0.9664696171099706,1,0,3,750,-1017.8754115198096,5,0,accepted,0,0
1322,2023-08-25,0.06220577459017439,0.08253820826710147,0.21340755090910113,0.7368445792925936,4.332887477006292,0.9502521302016947,1,0,1,750,-990.4617388709146,5,0,accepted,0,0
1347,2023-10-04,0.06253342119479523,0.09731050453537919,0.21864202237646427,0.7157843977531042,4.167221756231063,0.9344264201295684,1,0,1,750,-966.4616009739411,5,0,accepted,0,0
1372,2023-11-10,0.06227523914642762,0.10566140457147542,0.20884111276091386,0.7077445666443613,4.146637999014832,0.9165856794052751,1,0,4,750,-952.4972776763324,5,0,accepted,0,0
1397,2023-12-18,0.065153695560535,0.11511740642468839,0.21256290132160638,0.6946657978677224,3.9232854097763075,0.9072286991893288,1,0,1,750,-933.7792110227097,5,0,accepted,0,0
1422,2024-01-31,0.06823198918436801,0.10911752029877457,0.19411432910939858,0.7100623669668156,3.8169431438821744,0.9041766960762141,1,0,4,750,-918.8737601382522,5,0,accepted,0,0
1447,2024-03-11,0.0606621267250386,0.1184924991428288,0.20300245626837168,0.6869818312385845,3.8319215800805413,0.8899842875069561,1,0,1,750,-893.1210731527297,5,0,accepted,0,0
1472,2024-04-18,0.06373861183428725,0.11660916531339911,0.19688516995485902,0.6876592742252456,3.849190927200017,0.8845444441801047,1,0,2,750,-882.2287327869408,5,0,accepted,0,0
1497,2024-05-30,0.06860272235306893,0.10695283038768623,0.1873787407113438,0.698705694501576,3.9226554242301432,0.8860844352129198,1,0,4,750,-867.158867573973,5,0,accepted,0,0
1522,2024-07-08,0.06154409013653456,0.1037822445816663,0.19085667305835569,0.6972068056551484,3.9515191241948764,0.888063478713504,1,0,2,750,-862.4462908695759,5,0,accepted,0,0
1547,2024-08-14,0.05812475185045238,0.10094247367160199,0.1969221376633743,0.6885927563296987,4.2751098220624,0.885514893993073,1,0,2,750,-862.3676942413766,5,0,accepted,0,0
1572,2024-09-24,0.054286332538641326,0.10266697627679654,0.19535306578930314,0.6817006746600348,4.621030719960382,0.8770537404493379,1,0,2,750,-865.8146462242964,5,0,accepted,0,0
1597,2024-10-30,0.05166883025093794,0.0993239394572353,0.1902385485251824,0.6870812385515496,4.562395676905308,0.877319787076732,1,0,2,750,-852.8295433352823,5,0,accepted,0,0
1622,2024-12-06,0.05523458062913655,0.10064530572341016,0.1941172503236033,0.6794262164416748,4.682752532151724,0.873543466765278,1,0,2,750,-854.4284802572752,5,0,accepted,0,0
1647,2025-01-24,0.05259362523186173,0.10197833793102118,0.18862079214134092,0.6847220243448584,4.56170338585008,0.8733428164861994,1,0,2,750,-854.346931003536,5,0,accepted,0,0
1672,2025-03-05,0.05635944221257019,0.10240597875044315,0.18350842975648105,0.6767341347898504,5.288395766433833,0.8602425645463315,1,0,1,750,-856.7874058752502,5,0,accepted,0,0
1697,2025-04-10,0.049612264634672866,0.12703847590762238,0.24085985867758555,0.6138110558220817,4.634909159497085,0.8546709144996673,1,0,4,750,-862.6285258207954,5,0,accepted,0,0
