coverage,width,winkler,n,n_missing,series,model
0.9509668508287292,26.39623090745588,36.27025384682677,1448,0,ETH-USD,TCP
0.9509668508287292,26.400420542235373,36.2706235793929,1448,0,ETH-USD,TCP-RM
0.9509668508287292,26.364293903009344,36.30947856758376,1448,0,ETH-USD,CQR
0.9468232044198895,26.75265329081743,37.39614472701483,1448,0,ETH-USD,ACI-fixed
0.8743093922651933,20.27784954752162,41.42993569699379,1448,0,ETH-USD,Reversed-sign-control
0.8570441988950276,16.332844749852317,41.11047104551382,1448,0,ETH-USD,QR-base
0.9516574585635359,22.839149343776914,33.35950617459253,1448,0,ETH-USD,GARCH-t
0.9482044198895028,22.933745786227274,33.760721890890444,1448,0,ETH-USD,FHS
0.9509668508287292,23.196217272572017,33.594260217119135,1448,0,ETH-USD,GARCH-EVT
0.9302486187845304,20.632295316589573,33.68750584712771,1448,0,ETH-USD,RiskMetrics
0.9461325966850829,22.976745180280155,34.42455164914168,1448,0,ETH-USD,Hist
0.8522099447513812,14.271330113929054,38.67848496607367,1448,0,ETH-USD,Fixed-coefficient-control
